id,first_name,last_name,email,gender,ip_address
1,Laurette,De Giovanni,ldegiovanni0@bravesites.com,Female,86.62.64.149
2,Tailor,Itzik,titzik1@blogspot.com,Male,3.158.77.26
3,Micah,Flatman,mflatman2@telegraph.co.uk,Male,53.72.42.144
4,Bunny,Frear,bfrear3@mit.edu,Female,34.59.239.201
5,Averyl,McAdam,amcadam4@unc.edu,Female,238.147.189.83
6,Nicholas,Beyne,nbeyne5@accuweather.com,Male,222.28.17.148
7,Leonanie,Waliszewski,lwaliszewski6@unblog.fr,Female,39.96.130.59
8,Louisa,Hurich,lhurich7@webeden.co.uk,Female,91.118.206.229
9,Pier,Giraldo,pgiraldo8@gnu.org,Female,228.178.169.74
10,Eula,Prettjohn,eprettjohn9@sohu.com,Female,84.133.129.91
11,Maynord,Salla,msallaa@opera.com,Male,230.3.43.13
12,Jayne,Etherington,jetheringtonb@slate.com,Female,121.165.91.168
13,Tamqrah,Rosina,trosinac@bravesites.com,Female,224.4.163.223
14,Odella,Denisard,odenisardd@google.cn,Female,63.254.17.202
15,Lianna,Elverstone,lelverstonee@wufoo.com,Female,157.234.198.152
16,Garv,Mildner,gmildnerf@symantec.com,Male,34.28.250.152
17,Jo-ann,Headingham,jheadinghamg@blogs.com,Female,177.81.198.228
18,Johnnie,Gurnee,jgurneeh@arstechnica.com,Male,236.178.121.198
19,Lusa,Summerson,lsummersoni@disqus.com,Female,159.84.193.18
20,Gerek,Lenin,gleninj@mlb.com,Male,16.58.252.42
21,Benedicto,Vasyushkhin,bvasyushkhink@dell.com,Male,171.241.146.50
22,Jose,Draco,jdracol@java.com,Male,39.252.66.90
23,Jobie,Curdell,jcurdellm@noaa.gov,Female,101.141.69.235
24,Thomasin,Kalinovich,tkalinovichn@wunderground.com,Female,59.144.190.117
25,Renado,Maso,rmasoo@netlog.com,Male,101.119.192.21
26,Kayley,Mioni,kmionip@1und1.de,Female,78.62.251.237
27,Merle,Giorgioni,mgiorgioniq@reference.com,Female,153.120.173.93
28,Helga,Allicock,hallicockr@csmonitor.com,Female,188.107.59.83
29,Doretta,Verrico,dverricos@mashable.com,Female,59.80.112.20
30,Andonis,Bedome,abedomet@rediff.com,Male,252.102.245.180
31,Herman,Dennidge,hdennidgeu@cnet.com,Male,212.154.48.98
32,Chet,Verdy,cverdyv@360.cn,Male,174.249.38.79
33,Rubia,Pynner,rpynnerw@51.la,Female,127.218.9.80
34,Otho,Kohn,okohnx@comsenz.com,Male,240.100.69.72
35,Ettie,Harpham,eharphamy@miibeian.gov.cn,Female,47.27.161.239
36,Minnnie,Duly,mdulyz@usgs.gov,Female,72.64.83.161
37,Budd,Warrender,bwarrender10@meetup.com,Male,255.247.121.165
38,Shell,Tarbin,starbin11@chronoengine.com,Male,92.198.193.26
39,Laurent,Pittendreigh,lpittendreigh12@virginia.edu,Male,251.179.118.126
40,Georgina,Earnshaw,gearnshaw13@dropbox.com,Female,122.147.44.216
41,Skipton,Aylott,saylott14@nymag.com,Male,190.83.93.54
42,Mohandas,Sargerson,msargerson15@senate.gov,Male,249.57.90.111
43,Lazar,Geoghegan,lgeoghegan16@plala.or.jp,Male,113.230.172.142
44,Tanney,Mumford,tmumford17@vinaora.com,Male,32.218.28.237
45,Abelard,Stanborough,astanborough18@behance.net,Male,36.38.217.68
46,Anna-diane,Egdale,aegdale19@behance.net,Female,128.194.244.64
47,Rosalinda,Stiddard,rstiddard1a@cornell.edu,Female,3.166.14.156
48,Fidelio,Yansons,fyansons1b@icq.com,Male,92.130.109.45
49,Mellisa,Riep,mriep1c@skype.com,Female,15.140.129.110
50,Quillan,Gutch,qgutch1d@altervista.org,Male,142.181.232.92
51,Ivar,Kenway,ikenway1e@alibaba.com,Male,131.3.52.180
52,Kennedy,Shuttell,kshuttell1f@addthis.com,Male,118.20.59.22
53,Neille,Peealess,npeealess1g@mapy.cz,Female,158.16.105.62
54,Moselle,Willoway,mwilloway1h@samsung.com,Female,241.146.143.195
55,Vincents,Southan,vsouthan1i@samsung.com,Male,94.139.105.123
56,Darby,Saleway,dsaleway1j@adobe.com,Male,116.230.230.181
57,Ronny,McDonagh,rmcdonagh1k@google.com.br,Female,250.220.85.168
58,Melinde,Gercken,mgercken1l@webs.com,Female,11.180.232.87
59,Dorelle,Werndly,dwerndly1m@themeforest.net,Female,234.247.230.158
60,Tobye,Ferrino,tferrino1n@yale.edu,Female,31.149.91.17
61,Bentley,Ginger,bginger1o@guardian.co.uk,Male,95.214.109.27
62,Logan,Swinglehurst,lswinglehurst1p@amazon.co.jp,Male,213.54.30.72
63,Brittney,Casajuana,bcasajuana1q@1und1.de,Female,132.213.176.12
64,Link,Grogor,lgrogor1r@stumbleupon.com,Male,98.11.36.87
65,Reese,Brockman,rbrockman1s@purevolume.com,Male,89.148.192.170
66,Kelby,Sallis,ksallis1t@hhs.gov,Male,238.55.55.228
67,Loralie,Gomery,lgomery1u@ibm.com,Female,221.253.90.155
68,Charis,Biggans,cbiggans1v@smh.com.au,Female,129.125.119.72
69,Heather,Henderson,hhenderson1w@shutterfly.com,Female,50.141.175.74
70,Rice,Wolfenden,rwolfenden1x@fastcompany.com,Male,191.116.203.204
71,Gilles,Joiris,gjoiris1y@omniture.com,Male,130.71.229.175
72,Anni,Plumstead,aplumstead1z@mac.com,Female,132.90.168.120
73,Brandie,Haythorn,bhaythorn20@blogspot.com,Female,130.159.44.73
74,Rycca,Kleinberer,rkleinberer21@huffingtonpost.com,Female,229.163.118.143
75,Elias,Lumox,elumox22@posterous.com,Male,147.170.233.78
76,Karlen,Licciardo,klicciardo23@cnet.com,Female,63.101.121.94
77,Orran,Cosgrove,ocosgrove24@dion.ne.jp,Male,215.197.176.36
78,Illa,Ginie,iginie25@so-net.ne.jp,Female,110.205.20.220
79,Lovell,Ferry,lferry26@redcross.org,Male,1.86.122.211
80,Yehudit,Jancey,yjancey27@exblog.jp,Male,135.86.217.127
81,Licha,Fayerman,lfayerman28@e-recht24.de,Female,96.197.204.162
82,Berenice,Blueman,bblueman29@pagesperso-orange.fr,Female,51.155.48.90
83,Alyse,Cogley,acogley2a@infoseek.co.jp,Female,252.236.125.124
84,Russell,Cantor,rcantor2b@dmoz.org,Male,117.222.212.139
85,Trumann,Coppeard,tcoppeard2c@hatena.ne.jp,Male,65.191.41.143
86,Clari,Fritter,cfritter2d@salon.com,Female,27.104.43.37
87,Melitta,Gadault,mgadault2e@virginia.edu,Female,67.172.255.115
88,Saleem,Coke,scoke2f@imageshack.us,Male,215.142.71.251
89,Cayla,Diddams,cdiddams2g@vimeo.com,Female,192.224.47.63
90,Carolynn,Stading,cstading2h@marketwatch.com,Female,80.150.220.15
91,Kelvin,Kave,kkave2i@themeforest.net,Male,138.115.29.253
92,Marcie,Blaw,mblaw2j@cpanel.net,Female,53.150.134.149
93,Donavon,Tink,dtink2k@imdb.com,Male,155.148.25.3
94,Julie,Van Salzberger,jvansalzberger2l@gov.uk,Female,77.43.149.143
95,Susann,Moat,smoat2m@google.ca,Female,166.166.170.91
96,Chrissie,Windaybank,cwindaybank2n@washington.edu,Female,78.94.165.190
97,Jacquelyn,Reavey,jreavey2o@geocities.com,Female,213.5.138.106
98,Farlie,McGlashan,fmcglashan2p@cdbaby.com,Male,195.43.184.209
99,Will,Farra,wfarra2q@pbs.org,Male,67.14.15.71
100,Antin,Sells,asells2r@hexun.com,Male,122.117.216.130
101,Karlik,Rime,krime2s@upenn.edu,Male,233.247.179.183
102,Ernie,Tredgold,etredgold2t@yale.edu,Male,87.121.92.27
103,Nicola,Thirlwell,nthirlwell2u@clickbank.net,Female,169.139.0.138
104,Rayna,Petrashkov,rpetrashkov2v@cisco.com,Female,77.227.160.229
105,Cecilio,Fosbraey,cfosbraey2w@ucoz.ru,Male,73.108.207.242
106,Emlyn,Wilshere,ewilshere2x@xing.com,Male,248.35.16.15
107,Dell,Pellew,dpellew2y@fema.gov,Male,180.170.93.125
108,Ezequiel,Sabbatier,esabbatier2z@cornell.edu,Male,218.61.189.221
109,Natalee,Orme,norme30@tamu.edu,Female,232.197.103.95
110,Ranice,Tawton,rtawton31@mozilla.org,Female,240.96.67.20
111,Damiano,Janus,djanus32@ftc.gov,Male,45.127.152.228
112,Myrtie,Comini,mcomini33@bloglines.com,Female,152.41.248.148
113,Janek,Avrahm,javrahm34@sciencedirect.com,Male,48.235.249.211
114,Loella,Toxell,ltoxell35@artisteer.com,Female,91.36.214.154
115,Irma,Aldritt,ialdritt36@yale.edu,Female,227.239.128.214
116,Gerri,Redmille,gredmille37@shareasale.com,Female,3.172.148.227
117,Carling,Featenby,cfeatenby38@fda.gov,Male,241.4.254.116
118,Paddie,Massinger,pmassinger39@mac.com,Male,181.118.98.27
119,Stacee,Sowter,ssowter3a@timesonline.co.uk,Male,188.60.208.172
120,Candice,Presidey,cpresidey3b@fema.gov,Female,199.25.158.233
121,Artemis,Fenkel,afenkel3c@noaa.gov,Male,113.180.175.236
122,Falkner,Zold,fzold3d@google.ru,Male,216.143.207.221
123,Jerrilee,Mayger,jmayger3e@webeden.co.uk,Female,155.69.211.62
124,Alyce,Trubshawe,atrubshawe3f@ibm.com,Female,3.173.5.169
125,Brnaba,Maytom,bmaytom3g@netscape.com,Male,202.4.191.174
126,Corry,Mannakee,cmannakee3h@angelfire.com,Female,172.196.68.35
127,Alix,Bysshe,abysshe3i@ning.com,Male,251.194.114.19
128,Lebbie,Talby,ltalby3j@over-blog.com,Female,155.104.46.25
129,Bekki,Cudmore,bcudmore3k@freewebs.com,Female,199.126.211.138
130,Francoise,Grishinov,fgrishinov3l@nyu.edu,Female,253.1.221.24
131,Rosabella,Maren,rmaren3m@toplist.cz,Female,135.212.91.84
132,Corbin,Wewell,cwewell3n@sohu.com,Male,167.12.13.56
133,Candace,Curado,ccurado3o@symantec.com,Female,129.231.204.183
134,Richie,Cockburn,rcockburn3p@cbslocal.com,Male,9.76.76.15
135,Whitney,Farley,wfarley3q@columbia.edu,Female,170.45.87.126
136,Boy,McBryde,bmcbryde3r@whitehouse.gov,Male,57.159.246.17
137,Samaria,Cardo,scardo3s@pbs.org,Female,207.176.235.194
138,Willy,Calcutt,wcalcutt3t@japanpost.jp,Female,88.188.55.70
139,Gabriel,McAlinion,gmcalinion3u@google.ru,Male,89.99.55.74
140,Queenie,Copestake,qcopestake3v@umich.edu,Female,87.178.83.231
141,Thornie,Vasnetsov,tvasnetsov3w@instagram.com,Male,28.205.243.36
142,Bruce,Umpleby,bumpleby3x@wp.com,Male,21.44.54.158
143,Mady,Kornas,mkornas3y@imdb.com,Female,27.114.5.15
144,Lorens,McCart,lmccart3z@imdb.com,Male,173.133.32.26
145,Daniela,Burger,dburger40@paypal.com,Female,57.116.200.30
146,Lemuel,Matissoff,lmatissoff41@wikimedia.org,Male,16.4.6.225
147,Victoir,Winkell,vwinkell42@virginia.edu,Male,204.177.194.40
148,Barrett,Tuckerman,btuckerman43@unicef.org,Male,167.68.125.151
149,Kliment,Stuttard,kstuttard44@telegraph.co.uk,Male,68.50.27.139
150,Petey,Margram,pmargram45@yolasite.com,Male,17.126.100.57
151,Ronna,Lowmass,rlowmass46@usatoday.com,Female,216.221.97.251
152,Brendon,McGaughay,bmcgaughay47@latimes.com,Male,35.167.159.54
153,Hermine,Ouchterlony,houchterlony48@nhs.uk,Female,188.41.31.12
154,Andrea,Galbraith,agalbraith49@imdb.com,Male,73.253.214.147
155,Camel,Salkild,csalkild4a@howstuffworks.com,Female,113.122.48.182
156,Fenelia,Laherty,flaherty4b@pbs.org,Female,58.105.176.214
157,Saree,Naughton,snaughton4c@craigslist.org,Female,67.190.165.69
158,Timmy,Petracchi,tpetracchi4d@timesonline.co.uk,Male,169.225.98.251
159,Panchito,MacKerley,pmackerley4e@mozilla.com,Male,252.103.15.78
160,Jammie,Bartolomeoni,jbartolomeoni4f@sitemeter.com,Female,9.122.184.27
161,Laural,Millan,lmillan4g@addthis.com,Female,205.147.148.136
162,Benedetto,Willcox,bwillcox4h@harvard.edu,Male,133.26.126.206
163,Alberik,Duffet,aduffet4i@ustream.tv,Male,97.220.59.135
164,Lulu,De Ruggero,lderuggero4j@clickbank.net,Female,15.42.227.44
165,Cord,Beves,cbeves4k@google.com.hk,Male,161.160.89.76
166,Oberon,Redington,oredington4l@accuweather.com,Male,50.242.13.171
167,Domingo,Guilbert,dguilbert4m@si.edu,Male,115.184.121.1
168,Blondy,O'Kynsillaghe,bokynsillaghe4n@com.com,Female,128.70.243.101
169,Ada,De Clairmont,adeclairmont4o@yahoo.co.jp,Female,215.66.174.7
170,Camellia,Grier,cgrier4p@ezinearticles.com,Female,151.7.164.248
171,Wayland,Tewnion,wtewnion4q@mapy.cz,Male,106.37.245.215
172,Hanan,Filippone,hfilippone4r@nps.gov,Male,247.79.74.169
173,Stacia,Pougher,spougher4s@squidoo.com,Female,28.137.232.181
174,Amye,Cosh,acosh4t@google.fr,Female,138.31.142.36
175,Denny,Spaice,dspaice4u@cnbc.com,Female,50.196.62.186
176,Rudd,Tremblay,rtremblay4v@meetup.com,Male,169.79.67.186
177,Alon,Crisell,acrisell4w@woothemes.com,Male,57.31.92.144
178,Palmer,Felix,pfelix4x@booking.com,Male,35.76.146.133
179,Falito,Helks,fhelks4y@fc2.com,Male,240.222.233.117
180,Alexandros,Norster,anorster4z@aboutads.info,Male,72.235.214.231
181,Eldredge,Jennens,ejennens50@com.com,Male,180.211.120.90
182,Amitie,Tortoise,atortoise51@a8.net,Female,22.178.75.127
183,Ariadne,Shuttle,ashuttle52@wunderground.com,Female,172.70.40.14
184,Ag,Karslake,akarslake53@mediafire.com,Female,218.155.144.198
185,Ericka,Beeres,ebeeres54@issuu.com,Female,189.41.211.5
186,Deck,Headingham,dheadingham55@walmart.com,Male,59.134.21.77
187,Janie,Habbes,jhabbes56@issuu.com,Female,85.92.39.254
188,Wolfie,Olczyk,wolczyk57@wufoo.com,Male,127.144.182.162
189,Muire,Cockett,mcockett58@altervista.org,Female,6.73.14.84
190,Maris,Ruse,mruse59@ft.com,Female,89.181.130.124
191,Alyce,Servante,aservante5a@newyorker.com,Female,195.116.92.209
192,Jonie,Kubacek,jkubacek5b@epa.gov,Female,1.199.142.217
193,Verge,Ragsdall,vragsdall5c@youku.com,Male,3.61.246.155
194,Odette,Seeking,oseeking5d@google.es,Female,59.81.237.39
195,Mommy,Laity,mlaity5e@archive.org,Female,130.72.151.117
196,Johna,Strippel,jstrippel5f@xinhuanet.com,Female,25.46.219.71
197,Junie,Brookbank,jbrookbank5g@archive.org,Female,37.30.204.151
198,Holly,Swaffield,hswaffield5h@com.com,Male,222.240.227.166
199,Nelle,Feechum,nfeechum5i@xing.com,Female,81.83.101.36
200,Harlie,Leate,hleate5j@php.net,Female,253.77.90.100
201,Melissa,Trapp,mtrapp5k@ucoz.ru,Female,188.65.96.79
202,Claire,Aldrin,caldrin5l@cocolog-nifty.com,Male,78.143.217.156
203,Ambur,Lante,alante5m@geocities.com,Female,72.240.170.119
204,Kristine,Stanesby,kstanesby5n@independent.co.uk,Female,77.74.163.225
205,Mollie,Lantry,mlantry5o@wikimedia.org,Female,194.13.160.65
206,Francesca,Brabban,fbrabban5p@weather.com,Female,88.129.98.17
207,Markos,Blenkinship,mblenkinship5q@multiply.com,Male,82.90.123.134
208,Bren,Erickssen,berickssen5r@lulu.com,Male,86.223.195.59
209,Tomkin,Garrard,tgarrard5s@icq.com,Male,251.123.86.187
210,Elihu,Skylett,eskylett5t@hp.com,Male,236.3.63.65
211,La verne,Stutard,lstutard5u@drupal.org,Female,13.211.99.22
212,Cornelle,Schimke,cschimke5v@berkeley.edu,Female,201.15.245.93
213,Gracia,Scholcroft,gscholcroft5w@sourceforge.net,Female,194.81.3.168
214,Pascal,Handmore,phandmore5x@house.gov,Male,48.99.31.0
215,Amabel,Valentetti,avalentetti5y@1688.com,Female,231.169.89.47
216,Huntley,Gibard,hgibard5z@phpbb.com,Male,189.38.141.155
217,Hastings,Sissons,hsissons60@businessweek.com,Male,53.125.114.111
218,Babara,Merigeau,bmerigeau61@miitbeian.gov.cn,Female,152.105.1.160
219,Lila,Rickman,lrickman62@businessinsider.com,Female,206.50.216.46
220,Jozef,Gerauld,jgerauld63@zimbio.com,Male,27.182.250.170
221,Barr,Bishop,bbishop64@xing.com,Male,242.129.101.119
222,Kay,Landells,klandells65@ehow.com,Female,49.173.41.87
223,Garner,Schustl,gschustl66@sogou.com,Male,123.213.241.44
224,Shanon,Carding,scarding67@bluehost.com,Female,0.249.7.7
225,Selie,Enevoldsen,senevoldsen68@surveymonkey.com,Female,137.53.54.5
226,Spence,Tangye,stangye69@wisc.edu,Male,156.77.13.213
227,Gustave,Jennery,gjennery6a@mozilla.com,Male,193.25.172.65
228,Mark,Potes,mpotes6b@sitemeter.com,Male,159.253.136.1
229,Moises,Jocelyn,mjocelyn6c@privacy.gov.au,Male,93.253.202.17
230,Cad,Simonson,csimonson6d@miibeian.gov.cn,Male,66.37.175.138
231,Kennith,Aslie,kaslie6e@hao123.com,Male,245.188.12.72
232,Mirilla,Fortnum,mfortnum6f@unicef.org,Female,57.153.131.96
233,Clo,Sandercock,csandercock6g@unesco.org,Female,66.170.35.55
234,Hube,Elegood,helegood6h@whitehouse.gov,Male,122.68.116.211
235,Shea,Lantry,slantry6i@nationalgeographic.com,Male,150.242.151.218
236,Bing,Vignal,bvignal6j@nytimes.com,Male,92.38.244.237
237,Farra,McGarahan,fmcgarahan6k@ftc.gov,Female,96.18.113.162
238,Karlan,McCluney,kmccluney6l@addtoany.com,Male,237.12.183.182
239,Selby,Bannon,sbannon6m@rakuten.co.jp,Male,38.149.207.139
240,Wes,Dunkirk,wdunkirk6n@wired.com,Male,16.16.90.2
241,Korry,Ogborne,kogborne6o@independent.co.uk,Female,152.160.91.18
242,Jolie,Reeday,jreeday6p@arstechnica.com,Female,168.167.241.173
243,Fifine,Maddyson,fmaddyson6q@mysql.com,Female,37.158.116.23
244,Bayard,Jochen,bjochen6r@google.es,Male,210.81.144.0
245,Noll,Lenden,nlenden6s@nsw.gov.au,Male,120.156.148.170
246,Andree,Jirieck,ajirieck6t@tripadvisor.com,Female,105.220.64.219
247,Patin,Eckery,peckery6u@technorati.com,Male,53.39.178.10
248,Chris,Wabe,cwabe6v@businesswire.com,Male,177.104.109.101
249,Dell,Odcroft,dodcroft6w@vistaprint.com,Female,17.253.233.112
250,Theresina,Avon,tavon6x@goo.ne.jp,Female,49.194.204.111
251,Liam,Bodimeade,lbodimeade6y@angelfire.com,Male,74.103.125.142
252,Zara,Milligan,zmilligan6z@topsy.com,Female,37.100.106.172
253,Sherye,Roscam,sroscam70@mashable.com,Female,184.33.201.51
254,Angele,Storck,astorck71@cbc.ca,Female,220.191.2.116
255,Amerigo,Sherwood,asherwood72@jimdo.com,Male,95.191.130.244
256,Mischa,Tinklin,mtinklin73@cisco.com,Male,18.201.69.54
257,Kalle,Cavolini,kcavolini74@dailymail.co.uk,Male,50.197.151.101
258,Gusty,Baudacci,gbaudacci75@histats.com,Female,176.55.204.48
259,Lona,Tivolier,ltivolier76@acquirethisname.com,Female,202.114.54.15
260,Boy,Garces,bgarces77@phoca.cz,Male,89.80.46.106
261,Jarrod,Prodrick,jprodrick78@jugem.jp,Male,143.242.197.81
262,Nehemiah,Wharin,nwharin79@disqus.com,Male,149.45.168.72
263,Rosamund,Fazan,rfazan7a@yolasite.com,Female,107.82.68.127
264,Deny,Sibbering,dsibbering7b@twitter.com,Female,16.59.126.148
265,Leandra,Blackborn,lblackborn7c@livejournal.com,Female,160.86.48.163
266,King,Yeliashev,kyeliashev7d@google.com,Male,194.163.128.140
267,Silvain,Stening,sstening7e@tumblr.com,Male,59.26.171.56
268,Margi,Straughan,mstraughan7f@feedburner.com,Female,169.131.211.62
269,Shermy,Scarlan,sscarlan7g@godaddy.com,Male,54.91.127.252
270,Jonis,Weld,jweld7h@dell.com,Female,167.231.70.9
271,Eleni,Tran,etran7i@noaa.gov,Female,6.177.11.211
272,Ken,Dries,kdries7j@apple.com,Male,195.44.153.149
273,Ase,Ancell,aancell7k@newsvine.com,Male,188.9.117.107
274,Berta,Staveley,bstaveley7l@freewebs.com,Female,164.238.224.228
275,Twyla,McMonies,tmcmonies7m@businesswire.com,Female,165.248.212.38
276,Casper,Cornier,ccornier7n@patch.com,Male,72.70.133.185
277,Ingaberg,Pardue,ipardue7o@opera.com,Female,87.219.188.238
278,Devi,Heart,dheart7p@gizmodo.com,Female,117.17.199.40
279,Fran,Chooter,fchooter7q@nhs.uk,Male,252.231.37.241
280,Frayda,Dockerty,fdockerty7r@apple.com,Female,187.56.228.92
281,Eben,Bode,ebode7s@t-online.de,Male,239.79.42.148
282,Alford,Risbrough,arisbrough7t@admin.ch,Male,154.87.9.193
283,Mick,Hairsine,mhairsine7u@boston.com,Male,14.206.137.88
284,Jeni,Eyckel,jeyckel7v@latimes.com,Female,50.224.192.180
285,Aristotle,Antoney,aantoney7w@about.me,Male,14.101.227.133
286,Stormi,Cuell,scuell7x@friendfeed.com,Female,168.125.73.133
287,Barnett,Winfield,bwinfield7y@yahoo.co.jp,Male,168.193.108.40
288,Bradan,Paprotny,bpaprotny7z@cbslocal.com,Male,93.44.165.24
289,Boigie,Patsall,bpatsall80@cargocollective.com,Male,4.8.255.190
290,Marijn,Skunes,mskunes81@samsung.com,Male,57.182.139.229
291,Thebault,Armitage,tarmitage82@desdev.cn,Male,87.245.220.194
292,Delora,Yesenin,dyesenin83@soup.io,Female,135.100.129.207
293,Emlynn,Timbs,etimbs84@123-reg.co.uk,Female,192.143.1.55
294,Loutitia,Crockford,lcrockford85@icio.us,Female,109.139.194.116
295,Doug,Garnar,dgarnar86@sakura.ne.jp,Male,175.66.195.39
296,Charity,MacKenney,cmackenney87@jalbum.net,Female,70.74.114.152
297,Cleveland,Fetherby,cfetherby88@stanford.edu,Male,156.242.219.237
298,Fallon,Moring,fmoring89@un.org,Female,205.233.49.190
299,Devin,Bale,dbale8a@sphinn.com,Male,37.238.126.25
300,Lorilyn,Presnell,lpresnell8b@umich.edu,Female,86.255.222.48
301,Gerhardt,Cinderey,gcinderey8c@is.gd,Male,102.8.225.201
302,Antonetta,Tiffin,atiffin8d@nydailynews.com,Female,59.6.114.183
303,Bevin,Nye,bnye8e@chron.com,Male,37.49.65.224
304,Karina,Collis,kcollis8f@odnoklassniki.ru,Female,56.99.251.88
305,Dame,Pitkin,dpitkin8g@webmd.com,Male,60.219.220.133
306,Charisse,Juggins,cjuggins8h@google.nl,Female,140.96.203.141
307,Alia,Colthard,acolthard8i@sourceforge.net,Female,53.227.73.28
308,Davy,Roglieri,droglieri8j@timesonline.co.uk,Male,162.79.49.132
309,Jamison,Metherell,jmetherell8k@google.co.uk,Male,191.145.73.150
310,Waylen,Gascone,wgascone8l@bluehost.com,Male,131.153.118.160
311,Peg,Bode,pbode8m@nps.gov,Female,173.218.15.48
312,Dody,Gard,dgard8n@ed.gov,Female,24.15.103.202
313,Trista,Nizet,tnizet8o@hao123.com,Female,222.196.48.242
314,Binnie,Sirrell,bsirrell8p@ftc.gov,Female,68.98.23.208
315,Friedrich,Vivers,fvivers8q@reference.com,Male,5.208.62.82
316,Harman,Mattam,hmattam8r@ocn.ne.jp,Male,51.197.84.246
317,Graehme,Drinkall,gdrinkall8s@geocities.com,Male,36.142.148.198
318,Barton,Symington,bsymington8t@google.com.hk,Male,230.123.23.6
319,Dolf,Pegler,dpegler8u@accuweather.com,Male,203.103.84.84
320,Brandtr,Frobisher,bfrobisher8v@unc.edu,Male,157.64.23.172
321,Roley,Simonnet,rsimonnet8w@wiley.com,Male,16.180.226.5
322,Kirby,Derington,kderington8x@yahoo.co.jp,Male,96.11.66.59
323,Arlee,Pinilla,apinilla8y@mozilla.org,Female,244.5.94.103
324,Fidelity,Syme,fsyme8z@mapquest.com,Female,16.70.111.238
325,Patten,Klimshuk,pklimshuk90@mayoclinic.com,Male,214.138.152.208
326,Kitti,Perfect,kperfect91@toplist.cz,Female,116.21.28.95
327,Karoly,Maps,kmaps92@about.com,Male,87.140.80.40
328,Matteo,Stede,mstede93@go.com,Male,89.214.160.194
329,Grissel,Pizzie,gpizzie94@noaa.gov,Female,207.226.225.62
330,Maggi,Parres,mparres95@phoca.cz,Female,29.73.57.228
331,Rhys,Condy,rcondy96@bandcamp.com,Male,18.58.193.76
332,Clarette,Fuzzard,cfuzzard97@technorati.com,Female,89.156.132.175
333,Davita,Ellard,dellard98@devhub.com,Female,106.52.100.46
334,Ase,Huckle,ahuckle99@chronoengine.com,Male,242.182.244.236
335,Grady,De Gregario,gdegregario9a@imdb.com,Male,249.81.146.249
336,Christopher,Peskin,cpeskin9b@abc.net.au,Male,148.10.168.211
337,Justina,Dacey,jdacey9c@shareasale.com,Female,123.53.78.69
338,Wolfy,Balleine,wballeine9d@marketwatch.com,Male,161.207.193.230
339,Moshe,Pencott,mpencott9e@loc.gov,Male,182.142.56.248
340,Philbert,Allone,pallone9f@usnews.com,Male,100.168.90.46
341,Jayson,Tonsley,jtonsley9g@thetimes.co.uk,Male,25.244.205.51
342,Olenka,Gillaspy,ogillaspy9h@hud.gov,Female,180.240.30.188
343,Dunn,Ollie,dollie9i@cyberchimps.com,Male,85.118.75.69
344,Eolanda,Lewknor,elewknor9j@miitbeian.gov.cn,Female,29.206.205.96
345,Marlo,Volks,mvolks9k@cdbaby.com,Male,43.77.127.231
346,Em,Fitzsymon,efitzsymon9l@facebook.com,Female,56.186.17.147
347,Karmen,Farndon,kfarndon9m@state.gov,Female,162.93.112.246
348,Simeon,Kidner,skidner9n@newsvine.com,Male,59.10.222.164
349,Coleen,Razoux,crazoux9o@deliciousdays.com,Female,169.143.122.251
350,Louie,Slarke,lslarke9p@biblegateway.com,Male,88.63.96.221
351,Geraldine,Laver,glaver9q@oaic.gov.au,Female,153.113.196.134
352,Clemente,Edinburough,cedinburough9r@github.com,Male,47.231.245.154
353,Benedikta,Yeskov,byeskov9s@acquirethisname.com,Female,12.138.46.158
354,Murvyn,St. Leger,mstleger9t@hc360.com,Male,6.75.22.152
355,Samuel,Greenall,sgreenall9u@vk.com,Male,79.174.133.49
356,Maxim,Fawssett,mfawssett9v@com.com,Male,104.91.210.102
357,Drona,Bedome,dbedome9w@fema.gov,Female,20.77.38.226
358,Maighdiln,Sporgeon,msporgeon9x@wufoo.com,Female,85.154.174.90
359,Tansy,Trowbridge,ttrowbridge9y@nytimes.com,Female,132.111.217.110
360,Melisse,Lyard,mlyard9z@cargocollective.com,Female,113.142.40.249
361,Robbie,Ovitts,rovittsa0@mtv.com,Male,62.221.62.74
362,Beitris,Shingfield,bshingfielda1@nature.com,Female,64.218.233.13
363,Jeff,Knowlys,jknowlysa2@comsenz.com,Male,251.166.135.191
364,Dorthea,Loftie,dloftiea3@icq.com,Female,167.117.237.14
365,Lyndsey,Oughton,loughtona4@nih.gov,Female,214.200.10.165
366,Perice,Klainer,pklainera5@shareasale.com,Male,149.5.150.104
367,Man,O'Currane,mocurranea6@ehow.com,Male,166.143.142.219
368,Othelia,Pittman,opittmana7@apple.com,Female,243.13.57.199
369,Joyce,Brashier,jbrashiera8@facebook.com,Female,19.70.26.193
370,Stevie,Bedell,sbedella9@wix.com,Male,35.194.70.14
371,Dennet,Tuffrey,dtuffreyaa@dyndns.org,Male,88.133.162.45
372,Bendick,Mussington,bmussingtonab@wiley.com,Male,75.169.54.105
373,Lettie,Ronaldson,lronaldsonac@sun.com,Female,133.209.21.65
374,Elbertine,Tedman,etedmanad@cdc.gov,Female,27.165.220.12
375,Timmie,De Lasci,tdelasciae@army.mil,Female,185.66.247.246
376,Jere,Tweede,jtweedeaf@reuters.com,Male,230.239.142.103
377,Iain,Carss,icarssag@ask.com,Male,137.206.144.179
378,Berkly,Vanyakin,bvanyakinah@google.nl,Male,109.180.13.180
379,Jemmie,Pylkynyton,jpylkynytonai@blogtalkradio.com,Female,218.83.251.113
380,Christian,Kinig,ckinigaj@paypal.com,Female,8.204.86.69
381,Nate,Bertenshaw,nbertenshawak@google.com.br,Male,141.251.231.115
382,Dru,Heathcoat,dheathcoatal@xinhuanet.com,Female,80.179.77.85
383,Bob,Smallpiece,bsmallpieceam@drupal.org,Male,209.114.207.185
384,Quinn,Shanks,qshanksan@xrea.com,Male,154.50.83.121
385,Rubin,Dobbins,rdobbinsao@behance.net,Male,174.1.161.132
386,Fritz,Chastang,fchastangap@ca.gov,Male,254.121.70.128
387,Bearnard,Rosen,brosenaq@nbcnews.com,Male,6.135.226.39
388,Lara,Van Velde,lvanveldear@huffingtonpost.com,Female,91.81.87.63
389,Sherrie,Lyddy,slyddyas@booking.com,Female,12.123.131.165
390,Rhianna,Perrett,rperrettat@bbc.co.uk,Female,211.109.229.175
391,Briant,Adelsberg,badelsbergau@etsy.com,Male,150.24.1.230
392,Anastasie,Rohmer,arohmerav@noaa.gov,Female,60.46.152.30
393,Sunny,McGurk,smcgurkaw@upenn.edu,Male,35.47.161.181
394,Isador,Fardo,ifardoax@sogou.com,Male,41.111.172.29
395,Susanetta,Wigglesworth,swigglesworthay@dagondesign.com,Female,69.82.42.120
396,Lawry,Gash,lgashaz@ezinearticles.com,Male,229.137.188.106
397,Hobie,Favill,hfavillb0@facebook.com,Male,73.38.68.178
398,Abbot,Schulze,aschulzeb1@huffingtonpost.com,Male,177.145.13.241
399,Trever,Giggs,tgiggsb2@pen.io,Male,52.101.222.159
400,Romona,Shead,rsheadb3@shinystat.com,Female,197.122.224.207
401,Pepita,Whate,pwhateb4@1und1.de,Female,76.92.195.244
402,Haily,Laurant,hlaurantb5@typepad.com,Female,217.234.156.245
403,Coleen,Kalisch,ckalischb6@ucsd.edu,Female,58.251.210.35
404,Stinky,Stienton,sstientonb7@de.vu,Male,25.137.184.161
405,Estrellita,Riccioppo,ericcioppob8@blog.com,Female,243.171.208.199
406,Washington,Griffe,wgriffeb9@skyrock.com,Male,2.41.135.203
407,Lanna,Novkovic,lnovkovicba@slashdot.org,Female,116.72.62.49
408,Barrett,Ovitts,bovittsbb@paginegialle.it,Male,39.152.121.236
409,Paulo,Elan,pelanbc@so-net.ne.jp,Male,140.83.14.112
410,Nell,Worsam,nworsambd@msu.edu,Female,186.106.252.235
411,Richy,Crackel,rcrackelbe@businessinsider.com,Male,148.198.232.183
412,Alisander,De la Yglesias,adelayglesiasbf@baidu.com,Male,132.116.33.79
413,Salaidh,Cantopher,scantopherbg@pinterest.com,Female,154.119.232.229
414,Eben,Gaylord,egaylordbh@census.gov,Male,115.164.244.252
415,Bink,Rispin,brispinbi@xinhuanet.com,Male,210.242.63.66
416,Ruthie,Geldeford,rgeldefordbj@wsj.com,Female,92.142.46.148
417,Megan,Rea,mreabk@reuters.com,Female,21.204.162.97
418,Tish,Bambridge,tbambridgebl@nba.com,Female,153.159.92.238
419,Batholomew,Spinola,bspinolabm@seattletimes.com,Male,86.47.184.129
420,Daveen,Lamartine,dlamartinebn@ning.com,Female,166.231.85.224
421,Renado,Alabone,ralabonebo@geocities.jp,Male,110.193.137.110
422,Nedi,Wulfinger,nwulfingerbp@fastcompany.com,Female,9.184.127.238
423,Shelley,Longwood,slongwoodbq@va.gov,Male,111.143.139.52
424,Drugi,Sitford,dsitfordbr@plala.or.jp,Male,44.188.215.1
425,Titos,Pack,tpackbs@hatena.ne.jp,Male,106.103.64.120
426,Ashlin,Tewkesberry,atewkesberrybt@photobucket.com,Male,188.244.104.205
427,Ninette,Astley,nastleybu@cnn.com,Female,253.174.207.181
428,Pennie,Osbourne,posbournebv@uiuc.edu,Male,193.4.192.251
429,Tuck,Quinevan,tquinevanbw@usgs.gov,Male,95.117.75.255
430,Nels,Sporrij,nsporrijbx@biblegateway.com,Male,182.243.19.228
431,Maryrose,Verney,mverneyby@princeton.edu,Female,206.80.33.109
432,Annecorinne,Kingerby,akingerbybz@intel.com,Female,143.134.234.31
433,Dion,Micallef,dmicallefc0@ca.gov,Male,42.73.90.210
434,Kalle,Aslin,kaslinc1@mapquest.com,Male,95.8.249.182
435,Filia,Yusupov,fyusupovc2@seattletimes.com,Female,95.238.151.23
436,Palmer,Gallager,pgallagerc3@tuttocitta.it,Male,108.108.143.27
437,Dall,Andryushin,dandryushinc4@businessweek.com,Male,233.113.91.62
438,Rolf,Kobiera,rkobierac5@themeforest.net,Male,131.170.234.214
439,Janaya,Boxill,jboxillc6@lycos.com,Female,218.60.77.223
440,Hanson,Cardinal,hcardinalc7@bloglines.com,Male,240.173.94.50
441,Barr,McHarry,bmcharryc8@aol.com,Male,38.49.160.65
442,Olvan,MacGuffie,omacguffiec9@spotify.com,Male,225.208.92.165
443,Cortney,Hooban,choobanca@bandcamp.com,Female,66.102.90.211
444,Bibbie,Chazelle,bchazellecb@yahoo.co.jp,Female,213.248.185.237
445,Rikki,Schaffler,rschafflercc@chicagotribune.com,Male,1.164.112.240
446,Junette,Dennitts,jdennittscd@weebly.com,Female,8.146.31.191
447,Hartley,Gutowska,hgutowskace@xing.com,Male,229.50.113.208
448,Seka,Davydzenko,sdavydzenkocf@home.pl,Female,38.188.162.5
449,Dugald,Kinneir,dkinneircg@aboutads.info,Male,240.97.139.6
450,Rick,Hurry,rhurrych@google.nl,Male,103.86.2.64
451,Tomasina,Hegdonne,thegdonneci@blogtalkradio.com,Female,8.7.34.214
452,Zelda,Astlett,zastlettcj@state.tx.us,Female,186.185.247.245
453,Renard,Bleas,rbleasck@php.net,Male,83.98.246.24
454,Julienne,Codd,jcoddcl@latimes.com,Female,18.185.54.27
455,Shayna,O' Kelleher,sokellehercm@reference.com,Female,159.48.103.50
456,Trudie,Lanphier,tlanphiercn@gmpg.org,Female,25.200.43.53
457,Brenden,Torritti,btorrittico@columbia.edu,Male,201.148.186.192
458,Lavena,Baggelley,lbaggelleycp@delicious.com,Female,164.224.99.137
459,Dorice,Peet,dpeetcq@jugem.jp,Female,47.38.244.154
460,Blakelee,Kettlestringes,bkettlestringescr@newyorker.com,Female,69.53.104.110
461,Bald,Willingam,bwillingamcs@behance.net,Male,65.75.191.197
462,Danny,Vibert,dvibertct@nature.com,Male,5.34.153.137
463,Latia,Darragon,ldarragoncu@cyberchimps.com,Female,31.230.146.239
464,Giustina,Struijs,gstruijscv@zdnet.com,Female,109.97.10.221
465,Daniele,Uff,duffcw@dropbox.com,Female,12.161.252.194
466,Tina,Benjamin,tbenjamincx@virginia.edu,Female,179.18.66.38
467,Charlean,Midgley,cmidgleycy@ibm.com,Female,199.209.134.82
468,Luigi,Kippie,lkippiecz@yelp.com,Male,40.245.130.157
469,Kriste,Gommowe,kgommowed0@tinyurl.com,Female,86.170.46.195
470,Doroteya,Mohun,dmohund1@wired.com,Female,94.6.119.109
471,Selig,Bechley,sbechleyd2@angelfire.com,Male,55.40.10.71
472,Rubetta,Berfoot,rberfootd3@yelp.com,Female,94.187.252.85
473,Byron,Button,bbuttond4@icio.us,Male,250.144.190.221
474,Ardella,Jozwicki,ajozwickid5@sohu.com,Female,183.64.120.155
475,Karita,Rosetti,krosettid6@live.com,Female,210.194.119.146
476,Daisi,Smithson,dsmithsond7@freewebs.com,Female,14.110.88.126
477,Josiah,Coniff,jconiffd8@friendfeed.com,Male,246.1.104.208
478,Mayor,Guild,mguildd9@bloglines.com,Male,191.131.99.197
479,Arielle,Bechley,abechleyda@163.com,Female,44.231.217.81
480,Truman,Currer,tcurrerdb@cnet.com,Male,17.249.248.33
481,Yanaton,Linturn,ylinturndc@angelfire.com,Male,152.64.201.77
482,Trstram,Gaucher,tgaucherdd@sitemeter.com,Male,109.27.45.123
483,Shaine,Lamdin,slamdinde@dropbox.com,Female,182.178.116.222
484,Lorry,Lomas,llomasdf@yelp.com,Female,32.152.74.184
485,Antonella,Haffner,ahaffnerdg@ycombinator.com,Female,89.3.54.123
486,Husein,Aldin,haldindh@geocities.com,Male,79.79.119.47
487,Myriam,Tamblyn,mtamblyndi@drupal.org,Female,2.6.139.31
488,Richmond,Coppins,rcoppinsdj@istockphoto.com,Male,178.142.231.138
489,Jessey,Hanshawe,jhanshawedk@google.it,Male,197.249.51.222
490,Dallis,Gonsalvez,dgonsalvezdl@scientificamerican.com,Male,96.40.191.142
491,Ursa,Keen,ukeendm@nba.com,Female,91.46.84.2
492,Corrine,Vizard,cvizarddn@google.es,Female,237.77.152.166
493,Kiele,Jayne,kjaynedo@washington.edu,Female,50.143.87.73
494,Elsbeth,Parlett,eparlettdp@ucoz.ru,Female,135.238.178.240
495,Norris,Dixey,ndixeydq@statcounter.com,Male,250.230.216.133
496,Gretta,Alpine,galpinedr@rakuten.co.jp,Female,187.231.143.110
497,Shurwood,Dymoke,sdymokeds@google.com.hk,Male,30.143.90.14
498,Norry,Pawlata,npawlatadt@themeforest.net,Male,146.245.227.240
499,Brennen,Lester,blesterdu@examiner.com,Male,190.229.194.141
500,Marice,Newens,mnewensdv@scientificamerican.com,Female,227.229.218.98
501,Cristine,Fibbit,cfibbitdw@prnewswire.com,Female,104.84.168.75
502,Raoul,Perton,rpertondx@elpais.com,Male,19.99.226.163
503,Berni,Oblein,bobleindy@about.me,Female,56.161.3.17
504,Marlin,Shard,msharddz@wunderground.com,Male,191.210.54.51
505,Burke,Klebes,bklebese0@who.int,Male,58.101.190.195
506,Elia,Wyldish,ewyldishe1@addthis.com,Male,192.172.113.200
507,Elsey,Kneeland,ekneelande2@netscape.com,Female,110.162.36.77
508,Dona,Doody,ddoodye3@miitbeian.gov.cn,Female,130.175.154.197
509,Felicia,Rayworth,frayworthe4@ca.gov,Female,54.161.73.77
510,Aylmer,Wickie,awickiee5@dailymail.co.uk,Male,42.147.40.241
511,Ingrim,Whittle,iwhittlee6@liveinternet.ru,Male,81.236.159.153
512,Hortense,McKeaney,hmckeaneye7@webeden.co.uk,Female,106.202.250.178
513,Hayward,Garrique,hgarriquee8@yolasite.com,Male,46.229.69.35
514,Evin,McLinden,emclindene9@washingtonpost.com,Male,236.133.201.173
515,Gradeigh,Pursehouse,gpursehouseea@discuz.net,Male,85.52.229.214
516,Marissa,Allerton,mallertoneb@ow.ly,Female,255.123.109.5
517,Kalindi,Paish,kpaishec@discovery.com,Female,205.37.109.169
518,Carrissa,Grier,cgriered@bloglines.com,Female,156.136.220.55
519,Charmion,Eglise,cegliseee@google.cn,Female,15.245.93.0
520,Rossy,Heddy,rheddyef@oaic.gov.au,Male,187.155.11.139
521,Stepha,Bramsom,sbramsomeg@sciencedaily.com,Female,50.67.207.210
522,Malory,Tilson,mtilsoneh@amazon.co.jp,Female,247.235.181.102
523,Roxy,Oganian,roganianei@soup.io,Female,55.251.235.76
524,Philippine,Mawditt,pmawdittej@ifeng.com,Female,235.168.106.150
525,Salvador,Friday,sfridayek@japanpost.jp,Male,212.95.247.238
526,Ezmeralda,Kindon,ekindonel@unc.edu,Female,251.40.120.166
527,Pebrook,Charlon,pcharlonem@un.org,Male,34.8.173.102
528,Grannie,Swanbourne,gswanbourneen@symantec.com,Male,67.65.137.140
529,Chryste,Axelby,caxelbyeo@princeton.edu,Female,86.227.173.79
530,Ambur,Stiles,astilesep@economist.com,Female,206.62.106.137
531,Katrina,Morbey,kmorbeyeq@auda.org.au,Female,150.178.151.50
532,Mozes,Gillhespy,mgillhespyer@ebay.co.uk,Male,10.68.105.252
533,Ody,Beaney,obeaneyes@flickr.com,Male,117.13.206.105
534,Adan,Royse,aroyseet@shareasale.com,Male,87.93.122.187
535,Victoir,Guilayn,vguilayneu@archive.org,Male,28.102.155.29
536,Say,Boyson,sboysonev@pcworld.com,Male,17.179.140.126
537,Ivory,Neave,ineaveew@google.com,Female,213.106.42.191
538,Marcelline,Rew,mrewex@mozilla.com,Female,84.167.187.203
539,Saudra,Bedboro,sbedboroey@digg.com,Female,53.143.212.26
540,Sheelagh,Cowterd,scowterdez@yelp.com,Female,13.233.248.158
541,Sanders,Mallison,smallisonf0@i2i.jp,Male,42.217.236.135
542,Delmer,Bernetti,dbernettif1@rediff.com,Male,124.248.84.38
543,Cathie,Coslitt,ccoslittf2@xinhuanet.com,Female,41.37.78.41
544,Annora,Kulicke,akulickef3@pen.io,Female,65.144.193.221
545,Kathryne,Brownsworth,kbrownsworthf4@army.mil,Female,250.233.7.195
546,Dore,Maher,dmaherf5@wordpress.com,Female,50.206.201.152
547,Thornton,Gillis,tgillisf6@tmall.com,Male,58.248.199.186
548,Elsie,Drabble,edrabblef7@reverbnation.com,Female,134.84.151.27
549,Alexine,Espinheira,aespinheiraf8@techcrunch.com,Female,91.245.194.232
550,Asia,Temporal,atemporalf9@amazon.com,Female,3.173.25.238
551,Deb,Nickerson,dnickersonfa@aol.com,Female,149.233.22.151
552,Winona,Innocent,winnocentfb@istockphoto.com,Female,86.77.242.190
553,Phillis,Furniss,pfurnissfc@altervista.org,Female,29.14.53.189
554,Almeta,Nerney,anerneyfd@google.it,Female,213.188.251.251
555,Hewett,Banstead,hbansteadfe@si.edu,Male,205.123.118.245
556,Callie,Lamblot,clamblotff@last.fm,Female,142.56.48.63
557,Glenn,MacMenamin,gmacmenaminfg@jalbum.net,Female,249.219.90.173
558,Pebrook,Barhams,pbarhamsfh@cisco.com,Male,105.56.233.112
559,Kennedy,Silverton,ksilvertonfi@sakura.ne.jp,Male,54.64.228.230
560,Manolo,Gyurko,mgyurkofj@google.com.br,Male,118.248.217.186
561,Jamie,Bragge,jbraggefk@bbc.co.uk,Male,92.161.170.40
562,Sibeal,Fenn,sfennfl@fotki.com,Female,182.61.144.1
563,Beck,Singyard,bsingyardfm@japanpost.jp,Male,208.63.217.65
564,Pen,Siemandl,psiemandlfn@statcounter.com,Female,193.170.72.105
565,Agatha,Reicherz,areicherzfo@lulu.com,Female,85.103.192.160
566,Evelyn,Culshaw,eculshawfp@samsung.com,Female,246.217.80.231
567,Berne,Millsap,bmillsapfq@amazonaws.com,Male,69.48.105.130
568,Deeann,Viggars,dviggarsfr@diigo.com,Female,133.16.226.61
569,Kendal,Sadler,ksadlerfs@bbc.co.uk,Male,221.242.18.170
570,Berkly,Dacombe,bdacombeft@wikia.com,Male,252.239.134.112
571,Simone,Jeanneau,sjeanneaufu@oaic.gov.au,Female,45.161.249.231
572,Damiano,Brittan,dbrittanfv@upenn.edu,Male,46.140.127.173
573,Shell,Bolzen,sbolzenfw@google.pl,Male,212.47.190.158
574,Erv,McGann,emcgannfx@squarespace.com,Male,99.220.39.237
575,Irving,Millett,imillettfy@sciencedaily.com,Male,239.166.213.177
576,Morganica,Kumar,mkumarfz@free.fr,Female,178.136.121.167
577,Corbett,Ivchenko,civchenkog0@imageshack.us,Male,26.167.249.255
578,Lonni,Hammant,lhammantg1@umn.edu,Female,32.96.136.238
579,Silvester,Cholerton,scholertong2@1und1.de,Male,182.139.228.24
580,Imogen,Naseby,inasebyg3@oracle.com,Female,186.76.109.204
581,Giulio,Birdwhistell,gbirdwhistellg4@stanford.edu,Male,209.147.40.193
582,Reuben,Beachamp,rbeachampg5@sourceforge.net,Male,115.181.203.65
583,Shirlee,Lyness,slynessg6@ihg.com,Female,232.81.160.78
584,Ruy,Chaloner,rchalonerg7@opensource.org,Male,26.84.116.59
585,Ozzy,Teasdale,oteasdaleg8@wikispaces.com,Male,73.206.95.188
586,Thurston,O'Devey,todeveyg9@house.gov,Male,51.86.246.104
587,Harman,Wiszniewski,hwiszniewskiga@hhs.gov,Male,105.186.166.138
588,Arabela,Radloff,aradloffgb@creativecommons.org,Female,78.56.210.248
589,Antone,Thoumas,athoumasgc@163.com,Male,56.40.69.190
590,Harry,Hallyburton,hhallyburtongd@studiopress.com,Male,98.208.72.92
591,Clark,Hymor,chymorge@tiny.cc,Male,169.245.132.209
592,Heda,Whiston,hwhistongf@taobao.com,Female,187.2.108.119
593,Lazarus,Eberts,lebertsgg@harvard.edu,Male,212.161.168.164
594,Loella,Ison,lisongh@jalbum.net,Female,28.235.91.234
595,Costanza,Shortcliffe,cshortcliffegi@narod.ru,Female,74.144.3.163
596,Bobby,Harbert,bharbertgj@ox.ac.uk,Female,86.87.137.132
597,Ingram,Obington,iobingtongk@java.com,Male,38.177.181.42
598,Silvio,Haddleston,shaddlestongl@nationalgeographic.com,Male,164.162.33.241
599,Talbert,Milkins,tmilkinsgm@bloomberg.com,Male,229.250.15.127
600,Duke,Antos,dantosgn@salon.com,Male,38.168.12.192
601,Idette,Guion,iguiongo@bloomberg.com,Female,135.197.174.119
602,Tomasine,Readwin,treadwingp@cyberchimps.com,Female,177.88.164.102
603,Evvy,Wybern,ewyberngq@jigsy.com,Female,138.59.182.254
604,Hanan,Boadby,hboadbygr@feedburner.com,Male,62.100.93.147
605,Cody,Rainard,crainardgs@dedecms.com,Male,40.29.38.26
606,Niel,Cuchey,ncucheygt@berkeley.edu,Male,193.122.173.191
607,Marshal,Bruinsma,mbruinsmagu@mac.com,Male,254.229.219.140
608,Ag,Wormleighton,awormleightongv@ning.com,Female,167.65.136.223
609,Jacquelin,Fabb,jfabbgw@chicagotribune.com,Female,252.75.152.22
610,Theodoric,Greste,tgrestegx@twitter.com,Male,124.9.228.180
611,Hector,Dogerty,hdogertygy@sakura.ne.jp,Male,96.84.206.214
612,Camey,Smetoun,csmetoungz@technorati.com,Male,144.114.125.83
613,Sadella,Stilliard,sstilliardh0@weibo.com,Female,52.219.178.17
614,Correy,Steers,csteersh1@goo.gl,Male,235.190.11.91
615,Larine,Winks,lwinksh2@histats.com,Female,44.54.64.21
616,Jennica,Urry,jurryh3@merriam-webster.com,Female,255.68.82.161
617,Lyon,Fydo,lfydoh4@youtube.com,Male,137.190.221.198
618,Marmaduke,Bockmaster,mbockmasterh5@barnesandnoble.com,Male,98.222.252.153
619,Cam,Kendall,ckendallh6@nasa.gov,Female,55.26.229.46
620,Brinna,Slyne,bslyneh7@bigcartel.com,Female,253.97.147.63
621,Shaylyn,Bulle,sbulleh8@soundcloud.com,Female,164.235.220.4
622,Tamarah,Larrie,tlarrieh9@weibo.com,Female,225.67.2.141
623,Garnet,Henstone,ghenstoneha@jimdo.com,Female,189.63.32.253
624,Doralynn,Speek,dspeekhb@msu.edu,Female,189.102.195.40
625,Daniel,Digance,ddigancehc@fotki.com,Male,72.152.131.194
626,De witt,Greiser,dgreiserhd@google.it,Male,80.185.135.250
627,Yettie,Hachette,yhachettehe@edublogs.org,Female,252.71.195.223
628,Benedetto,Dechelle,bdechellehf@example.com,Male,182.16.157.236
629,Royce,Siddall,rsiddallhg@soup.io,Male,17.54.168.8
630,Reynold,Scanlin,rscanlinhh@1und1.de,Male,231.87.111.55
631,Tate,Dallinder,tdallinderhi@weibo.com,Female,39.233.131.205
632,Ericka,Bondy,ebondyhj@omniture.com,Female,125.215.128.62
633,Laureen,Livsey,llivseyhk@statcounter.com,Female,197.210.42.218
634,Fania,Coalbran,fcoalbranhl@dion.ne.jp,Female,69.120.157.139
635,Emmye,Petrashov,epetrashovhm@bbb.org,Female,245.127.83.26
636,Raimundo,Ledgerton,rledgertonhn@tinyurl.com,Male,252.87.6.11
637,Egan,Mellanby,emellanbyho@friendfeed.com,Male,254.196.64.161
638,Randa,O'Regan,roreganhp@miibeian.gov.cn,Female,171.168.129.110
639,Issiah,Ordish,iordishhq@sina.com.cn,Male,169.23.35.56
640,Windham,Grunnell,wgrunnellhr@w3.org,Male,206.138.141.97
641,Bastian,Glowacz,bglowaczhs@ed.gov,Male,123.78.40.118
642,Gipsy,Lound,gloundht@sciencedaily.com,Female,236.117.97.12
643,Abbey,Auston,aaustonhu@nature.com,Female,36.152.51.199
644,Asher,Poupard,apoupardhv@cdc.gov,Male,171.35.100.123
645,Liuka,Derington,lderingtonhw@scientificamerican.com,Female,4.202.59.4
646,Perla,Drance,pdrancehx@springer.com,Female,43.165.150.101
647,Suzanna,Withull,swithullhy@discuz.net,Female,85.192.203.36
648,Lindsay,Vowdon,lvowdonhz@boston.com,Male,163.207.123.243
649,Elka,Kembery,ekemberyi0@so-net.ne.jp,Female,17.245.98.219
650,Clerissa,Upston,cupstoni1@tinypic.com,Female,223.69.94.205
651,Lelia,Peschke,lpeschkei2@taobao.com,Female,112.57.220.250
652,Jon,Hannabus,jhannabusi3@miitbeian.gov.cn,Male,118.195.123.60
653,Cash,Cholomin,ccholomini4@photobucket.com,Male,82.151.149.111
654,Chelsie,Kenwood,ckenwoodi5@dailymotion.com,Female,189.244.32.157
655,Claudelle,Santacrole,csantacrolei6@ted.com,Female,64.78.135.96
656,Kayla,Carnaman,kcarnamani7@usa.gov,Female,62.50.142.51
657,Jorey,Isley,jisleyi8@businesswire.com,Female,215.103.138.73
658,Ripley,Danev,rdanevi9@cloudflare.com,Male,201.159.217.89
659,Waverly,Haresign,wharesignia@twitter.com,Male,220.208.53.220
660,Bianka,Vineall,bvineallib@deviantart.com,Female,59.26.34.121
661,Leroi,Arstingall,larstingallic@paypal.com,Male,95.7.107.216
662,Cynthia,Kobierski,ckobierskiid@hexun.com,Female,142.167.74.231
663,Jimmie,Janson,jjansonie@symantec.com,Male,40.94.97.84
664,Earvin,Chaman,echamanif@canalblog.com,Male,230.142.228.165
665,Trish,Rayman,traymanig@miitbeian.gov.cn,Female,193.41.79.181
666,Candra,Peacocke,cpeacockeih@webnode.com,Female,56.6.227.12
667,Francklin,Kenefick,fkenefickii@google.es,Male,199.75.46.198
668,Warde,Mossom,wmossomij@soundcloud.com,Male,138.50.107.112
669,Town,Mattussevich,tmattussevichik@phoca.cz,Male,80.211.207.238
670,Debee,Ewell,dewellil@furl.net,Female,106.217.20.199
671,Loren,Sails,lsailsim@berkeley.edu,Female,204.209.72.252
672,Mae,Goodlife,mgoodlifein@umn.edu,Female,48.152.37.167
673,L;urette,Mineghelli,lmineghelliio@pagesperso-orange.fr,Female,102.26.55.95
674,Shela,Ogglebie,sogglebieip@google.it,Female,63.201.182.105
675,Lauretta,Dracksford,ldracksfordiq@dagondesign.com,Female,63.229.23.212
676,Noel,Weine,nweineir@hatena.ne.jp,Female,227.230.12.83
677,Daniel,Reinhardt,dreinhardtis@omniture.com,Male,161.63.177.191
678,Bevin,Lidgett,blidgettit@blogspot.com,Male,241.230.188.98
679,Wallie,Pattenden,wpattendeniu@dedecms.com,Female,130.241.157.57
680,Taber,Gatland,tgatlandiv@digg.com,Male,51.177.66.207
681,Thurstan,Grave,tgraveiw@simplemachines.org,Male,213.185.242.114
682,Edithe,Gash,egashix@elpais.com,Female,184.48.206.211
683,Hazlett,Kaspar,hkaspariy@nymag.com,Male,130.103.39.114
684,Lexie,Reeme,lreemeiz@hubpages.com,Female,139.154.13.57
685,Sosanna,Collishaw,scollishawj0@noaa.gov,Female,129.77.48.35
686,Pavla,Jakeman,pjakemanj1@gov.uk,Female,182.222.231.31
687,Candi,Andretti,candrettij2@state.tx.us,Female,151.225.196.120
688,Cherlyn,O' Donohoe,codonohoej3@freewebs.com,Female,25.64.206.95
689,Mikel,Branton,mbrantonj4@huffingtonpost.com,Male,118.142.63.208
690,Yuma,Gruszecki,ygruszeckij5@barnesandnoble.com,Male,214.146.71.32
691,Janenna,Stillman,jstillmanj6@nhs.uk,Female,125.167.120.246
692,Malcolm,Cassius,mcassiusj7@cmu.edu,Male,230.197.92.31
693,Timmie,Grenville,tgrenvillej8@patch.com,Female,30.193.50.29
694,Kristal,Eastbury,keastburyj9@ucla.edu,Female,150.61.217.100
695,Shauna,Salliss,ssallissja@yellowbook.com,Female,96.164.236.29
696,Peria,Berks,pberksjb@deviantart.com,Female,27.178.120.72
697,Emelen,Danzelman,edanzelmanjc@wsj.com,Male,61.5.187.251
698,Fayre,Sabberton,fsabbertonjd@cloudflare.com,Female,249.157.100.5
699,Wilona,Heams,wheamsje@ustream.tv,Female,202.103.140.74
700,Gerladina,Maccaig,gmaccaigjf@godaddy.com,Female,145.214.135.240
701,Thorsten,Louisot,tlouisotjg@netvibes.com,Male,174.200.140.250
702,Nance,Maxsted,nmaxstedjh@issuu.com,Female,36.86.242.156
703,Barthel,Sheryn,bsherynji@alexa.com,Male,46.216.232.12
704,Kirsteni,Henze,khenzejj@slate.com,Female,36.104.69.200
705,Cassie,Burgot,cburgotjk@prlog.org,Male,235.250.252.5
706,Edouard,Farlambe,efarlambejl@elegantthemes.com,Male,186.51.155.191
707,Erasmus,Keld,ekeldjm@pagesperso-orange.fr,Male,223.189.147.116
708,Sarita,Brabin,sbrabinjn@hexun.com,Female,171.242.248.175
709,Harrie,Vacher,hvacherjo@house.gov,Female,164.96.138.138
710,Tamiko,Bastiman,tbastimanjp@live.com,Female,9.213.46.130
711,Luella,Kennifeck,lkennifeckjq@mapquest.com,Female,203.88.16.241
712,Ignacius,Makey,imakeyjr@nih.gov,Male,130.3.98.14
713,Derick,Bonallick,dbonallickjs@omniture.com,Male,217.157.74.120
714,Noell,Howton,nhowtonjt@barnesandnoble.com,Female,98.127.110.153
715,Tedie,Schowenburg,tschowenburgju@examiner.com,Male,196.224.120.27
716,Calhoun,Gawler,cgawlerjv@phoca.cz,Male,99.198.235.175
717,Bess,Ellar,bellarjw@yandex.ru,Female,74.254.53.181
718,Shelton,Collomosse,scollomossejx@shop-pro.jp,Male,69.225.245.150
719,Janka,Arsey,jarseyjy@home.pl,Female,175.220.237.250
720,Bibbie,Oldam,boldamjz@printfriendly.com,Female,188.185.225.74
721,Crissie,Elington,celingtonk0@newyorker.com,Female,174.119.124.96
722,Eldon,Cleaver,ecleaverk1@newyorker.com,Male,172.86.125.71
723,Ki,Canero,kcanerok2@sbwire.com,Female,28.103.223.106
724,Lorena,Greguol,lgreguolk3@europa.eu,Female,24.206.213.242
725,Jermain,Cheese,jcheesek4@cmu.edu,Male,252.51.251.168
726,Nevil,Lowater,nlowaterk5@abc.net.au,Male,183.64.211.234
727,Cynthie,Meddows,cmeddowsk6@bluehost.com,Female,87.7.77.171
728,Hilario,Bernardini,hbernardinik7@europa.eu,Male,47.149.144.175
729,Geordie,Meineking,gmeinekingk8@usnews.com,Male,52.14.97.41
730,Emery,Glassopp,eglassoppk9@plala.or.jp,Male,119.210.4.199
731,Leonerd,Bouch,lbouchka@cdbaby.com,Male,139.61.252.214
732,Nichols,Stokell,nstokellkb@blogspot.com,Male,230.96.76.39
733,Marin,Pygott,mpygottkc@netvibes.com,Female,77.175.219.73
734,Carroll,Husband,chusbandkd@freewebs.com,Male,236.159.75.233
735,Tamara,Edgeson,tedgesonke@stumbleupon.com,Female,76.29.255.197
736,Farleigh,Betty,fbettykf@linkedin.com,Male,191.149.161.25
737,Dori,Lowndes,dlowndeskg@google.ru,Female,192.39.14.28
738,Devi,Rixon,drixonkh@e-recht24.de,Female,43.223.12.165
739,Minni,Charlson,mcharlsonki@archive.org,Female,121.165.161.34
740,Evania,Shillitoe,eshillitoekj@netlog.com,Female,225.43.30.124
741,Maurizio,Hawarden,mhawardenkk@seattletimes.com,Male,121.168.104.238
742,Hyacintha,Millwall,hmillwallkl@posterous.com,Female,145.164.13.37
743,Mathe,Kilroy,mkilroykm@typepad.com,Male,42.8.34.94
744,Inness,Pickthorne,ipickthornekn@hao123.com,Male,244.76.82.174
745,Bryce,Langer,blangerko@sun.com,Male,234.57.104.153
746,Cassondra,Woodson,cwoodsonkp@narod.ru,Female,146.69.210.119
747,Clifford,Pawlik,cpawlikkq@list-manage.com,Male,50.187.61.134
748,Etan,Rigby,erigbykr@51.la,Male,201.10.160.67
749,Geri,Vasyukhichev,gvasyukhichevks@miibeian.gov.cn,Male,226.166.213.205
750,Sheff,Phelipeaux,sphelipeauxkt@google.ru,Male,14.71.21.207
751,Malynda,Fettis,mfettisku@bravesites.com,Female,184.252.90.161
752,Paco,Gusticke,pgustickekv@noaa.gov,Male,234.186.39.76
753,Garold,Trebilcock,gtrebilcockkw@ucoz.com,Male,21.219.81.205
754,Winslow,Zupa,wzupakx@craigslist.org,Male,177.202.126.96
755,Reynard,Kelmere,rkelmereky@sina.com.cn,Male,40.56.248.181
756,Patton,Mussotti,pmussottikz@github.com,Male,68.0.21.15
757,Dan,Jemmison,djemmisonl0@bloglines.com,Male,232.22.52.200
758,Christy,Dallinder,cdallinderl1@google.ca,Male,9.106.166.120
759,Dani,Waite,dwaitel2@ca.gov,Male,235.92.164.11
760,Ludovico,McColgan,lmccolganl3@newsvine.com,Male,187.209.212.69
761,Ugo,Goretti,ugorettil4@va.gov,Male,75.106.96.85
762,Kylie,Ridulfo,kridulfol5@mail.ru,Male,133.241.216.134
763,Alisun,Scoggins,ascogginsl6@psu.edu,Female,36.245.87.240
764,Benedetta,Shiril,bshirill7@cpanel.net,Female,28.242.121.226
765,Steve,Cardenas,scardenasl8@acquirethisname.com,Male,114.160.81.24
766,Theobald,Rapsey,trapseyl9@pinterest.com,Male,219.211.204.8
767,Carmelia,Shorthouse,cshorthousela@nifty.com,Female,7.25.100.189
768,Aurelie,Tern,aternlb@buzzfeed.com,Female,182.81.6.202
769,Susan,Kent,skentlc@irs.gov,Female,227.216.122.168
770,Welch,Norheny,wnorhenyld@va.gov,Male,32.101.207.219
771,Winnie,Americi,wamericile@china.com.cn,Female,52.75.11.181
772,Emmit,Evanson,eevansonlf@slate.com,Male,175.246.41.105
773,Dianne,Gartin,dgartinlg@histats.com,Female,14.166.96.149
774,Ramon,Tickel,rtickellh@jugem.jp,Male,162.241.11.151
775,Dave,Novakovic,dnovakovicli@wsj.com,Male,127.25.143.111
776,Darcy,McRobert,dmcrobertlj@mayoclinic.com,Male,103.150.75.117
777,Ky,Newling,knewlinglk@linkedin.com,Male,111.204.236.156
778,Cathy,Dellow,cdellowll@youtube.com,Female,71.25.120.134
779,Murdoch,Lante,mlantelm@aboutads.info,Male,201.235.79.38
780,Shelby,Truce,struceln@paginegialle.it,Female,77.149.221.115
781,Walton,Ratazzi,wratazzilo@imdb.com,Male,33.8.55.220
782,Ashla,Aspey,aaspeylp@ed.gov,Female,216.55.107.204
783,Tris,Collumbine,tcollumbinelq@t.co,Male,189.0.240.232
784,Dosi,Schreurs,dschreurslr@buzzfeed.com,Female,183.144.62.13
785,Berry,Fri,bfrils@prlog.org,Female,154.118.126.94
786,Salvador,Keighley,skeighleylt@edublogs.org,Male,207.191.105.106
787,Karole,Hess,khesslu@xinhuanet.com,Female,186.29.103.164
788,Raynor,Lauxmann,rlauxmannlv@typepad.com,Male,68.75.69.204
789,Laetitia,Wildman,lwildmanlw@nps.gov,Female,124.212.128.216
790,Alleen,MacGarrity,amacgarritylx@ning.com,Female,93.49.57.16
791,Sonya,Alps,salpsly@usda.gov,Female,13.122.210.57
792,Care,Champney,cchampneylz@examiner.com,Male,206.19.202.250
793,Donnamarie,Jorgesen,djorgesenm0@nationalgeographic.com,Female,59.130.15.228
794,Barbie,Dahlgren,bdahlgrenm1@slate.com,Female,125.192.244.224
795,Karisa,Martschke,kmartschkem2@princeton.edu,Female,109.17.157.197
796,Lura,Puncher,lpuncherm3@w3.org,Female,203.13.129.9
797,Patrice,Hobbing,phobbingm4@goo.ne.jp,Male,43.255.194.86
798,Penny,Danniell,pdanniellm5@psu.edu,Female,88.108.128.203
799,Eduino,Djurevic,edjurevicm6@themeforest.net,Male,106.252.71.221
800,Uriel,Kreuzer,ukreuzerm7@discovery.com,Male,57.163.252.30
801,Skelly,Oxshott,soxshottm8@github.com,Male,189.175.243.89
802,Ileane,Swyre,iswyrem9@wix.com,Female,232.93.195.188
803,Raimund,Vicker,rvickerma@people.com.cn,Male,186.152.71.12
804,Kirbie,Tomaselli,ktomasellimb@ocn.ne.jp,Female,86.139.119.161
805,Miller,Legrice,mlegricemc@tumblr.com,Male,59.225.81.123
806,Theresina,Colaco,tcolacomd@list-manage.com,Female,239.68.111.152
807,Antony,Buxam,abuxamme@cmu.edu,Male,167.250.23.183
808,Cob,Greeveson,cgreevesonmf@mlb.com,Male,8.211.203.78
809,Salem,Garshore,sgarshoremg@nbcnews.com,Male,115.164.93.0
810,Marika,Crabbe,mcrabbemh@wisc.edu,Female,4.159.182.65
811,Guido,Melbert,gmelbertmi@yandex.ru,Male,247.208.176.194
812,Giff,Jozefiak,gjozefiakmj@kickstarter.com,Male,173.5.214.160
813,Dieter,Spenceley,dspenceleymk@examiner.com,Male,7.73.20.0
814,Dulce,Stigger,dstiggerml@pagesperso-orange.fr,Female,163.215.241.129
815,Margaretha,Laurencot,mlaurencotmm@google.com.hk,Female,36.173.104.189
816,Aubry,Fike,afikemn@epa.gov,Female,167.33.3.5
817,Vin,Rolfini,vrolfinimo@4shared.com,Female,49.232.221.230
818,Hetty,Ambroix,hambroixmp@npr.org,Female,66.83.94.172
819,Claudetta,Capponeer,ccapponeermq@clickbank.net,Female,90.16.112.230
820,Natty,Warmington,nwarmingtonmr@china.com.cn,Female,21.14.73.245
821,Graehme,Lewer,glewerms@webeden.co.uk,Male,41.238.219.164
822,Normie,Audley,naudleymt@pbs.org,Male,107.39.96.27
823,Ralina,Epp,reppmu@berkeley.edu,Female,143.219.32.53
824,Chan,Bulteel,cbulteelmv@paypal.com,Male,250.121.249.3
825,Gus,Lyddiatt,glyddiattmw@miitbeian.gov.cn,Male,16.36.236.90
826,Felicity,Deveril,fdeverilmx@indiegogo.com,Female,117.28.169.92
827,Benedikta,Markey,bmarkeymy@exblog.jp,Female,199.22.17.62
828,Benedict,McVittie,bmcvittiemz@netlog.com,Male,174.145.78.219
829,Bobbe,Bougourd,bbougourdn0@constantcontact.com,Female,187.88.25.39
830,Paolina,Bleasby,pbleasbyn1@zimbio.com,Female,237.82.231.112
831,Keeley,Jump,kjumpn2@yahoo.co.jp,Female,26.190.216.229
832,Gert,Frew,gfrewn3@homestead.com,Female,63.54.125.73
833,Teena,Losty,tlostyn4@shareasale.com,Female,148.14.165.63
834,Towney,Wynne,twynnen5@ted.com,Male,175.0.60.241
835,Bertrand,Slixby,bslixbyn6@vimeo.com,Male,73.134.234.105
836,Etienne,McGill,emcgilln7@timesonline.co.uk,Male,234.12.132.224
837,Annnora,Scherer,ascherern8@networkadvertising.org,Female,79.63.130.26
838,Guntar,Jorry,gjorryn9@networksolutions.com,Male,227.201.246.87
839,Steffi,McLeish,smcleishna@sphinn.com,Female,158.252.31.39
840,Heidi,Wardlow,hwardlownb@bandcamp.com,Female,247.252.69.207
841,Shayne,Haugg,shauggnc@npr.org,Female,13.98.101.102
842,Phil,Ellinor,pellinornd@hubpages.com,Female,217.36.60.254
843,Cullie,Ginnane,cginnanene@wp.com,Male,182.150.95.166
844,Brit,Baverstock,bbaverstocknf@surveymonkey.com,Male,181.21.126.178
845,Pollyanna,Orthmann,porthmannng@si.edu,Female,184.71.244.185
846,Joyous,Aucutt,jaucuttnh@so-net.ne.jp,Female,155.217.179.255
847,Lorin,Tayspell,ltayspellni@ovh.net,Male,235.78.236.229
848,Sebastiano,Mellem,smellemnj@bandcamp.com,Male,74.28.16.167
849,Stan,Symmons,ssymmonsnk@miibeian.gov.cn,Male,98.100.143.154
850,Ezekiel,Hucknall,ehucknallnl@plala.or.jp,Male,178.67.224.39
851,Jean,Canlin,jcanlinnm@state.tx.us,Male,145.53.9.93
852,Caddric,Keddey,ckeddeynn@yale.edu,Male,120.160.179.91
853,Boone,Springate,bspringateno@qq.com,Male,1.199.247.253
854,Viv,Darlington,vdarlingtonnp@wikimedia.org,Female,13.111.174.171
855,Elga,Marcus,emarcusnq@rambler.ru,Female,11.218.179.23
856,Kassandra,Balchen,kbalchennr@google.pl,Female,145.100.80.165
857,Cati,Buncher,cbuncherns@dedecms.com,Female,19.65.196.193
858,Bryon,Duffie,bduffient@berkeley.edu,Male,38.177.143.174
859,Franz,Dykes,fdykesnu@amazon.co.jp,Male,198.171.154.1
860,Felix,Stepto,fsteptonv@china.com.cn,Male,223.135.220.199
861,Welch,Davoren,wdavorennw@google.es,Male,30.90.74.76
862,Arron,Lease,aleasenx@cloudflare.com,Male,129.217.128.200
863,Lodovico,Rushton,lrushtonny@sitemeter.com,Male,204.114.31.146
864,Cherri,Dougherty,cdoughertynz@usgs.gov,Female,39.158.31.194
865,Peggie,Shilling,pshillingo0@fda.gov,Female,116.3.113.92
866,Dario,McSweeney,dmcsweeneyo1@a8.net,Male,191.235.206.223
867,Milton,Catford,mcatfordo2@squidoo.com,Male,56.12.106.79
868,Sophie,Brimson,sbrimsono3@sourceforge.net,Female,210.172.23.67
869,Annice,Challen,achalleno4@shinystat.com,Female,66.68.68.53
870,Pierrette,Stanes,pstaneso5@facebook.com,Female,142.232.26.28
871,Delilah,Mazzilli,dmazzillio6@vimeo.com,Female,209.60.189.64
872,Sybilla,Pellingar,spellingaro7@privacy.gov.au,Female,47.65.243.63
873,Goddart,Reedshaw,greedshawo8@europa.eu,Male,204.234.84.144
874,Minnaminnie,Cusworth,mcuswortho9@reuters.com,Female,145.38.49.230
875,Clarine,Youles,cyoulesoa@google.de,Female,213.70.108.134
876,Ashil,Pearsey,apearseyob@psu.edu,Female,225.8.147.236
877,Kissee,Leggis,kleggisoc@blog.com,Female,79.250.45.247
878,Renado,Inchbald,rinchbaldod@google.com.br,Male,231.81.160.116
879,Ardyth,Twiggins,atwigginsoe@webnode.com,Female,84.76.182.137
880,Cristobal,Abdon,cabdonof@mashable.com,Male,9.28.236.159
881,Mavra,Dumingo,mdumingoog@barnesandnoble.com,Female,220.51.190.254
882,Shaine,Wreakes,swreakesoh@dell.com,Female,209.25.207.95
883,Maire,Vakhrushev,mvakhrushevoi@comcast.net,Female,74.219.224.165
884,Brucie,Markussen,bmarkussenoj@spotify.com,Male,14.203.205.105
885,Laura,Rutherford,lrutherfordok@desdev.cn,Female,129.229.115.72
886,Lothaire,Clogg,lcloggol@qq.com,Male,106.243.80.84
887,Estella,Cumpton,ecumptonom@amazon.co.uk,Female,234.40.183.92
888,Kippy,Bolton,kboltonon@berkeley.edu,Female,222.1.17.78
889,Patin,Littlekit,plittlekitoo@canalblog.com,Male,142.86.220.171
890,Kara,Abbott,kabbottop@soup.io,Female,128.102.51.114
891,Patti,Brewood,pbrewoodoq@wiley.com,Female,121.74.15.247
892,Marty,Melsom,mmelsomor@infoseek.co.jp,Female,70.155.89.110
893,Boonie,Nardoni,bnardonios@tamu.edu,Male,178.62.98.122
894,Orton,Lishmund,olishmundot@zimbio.com,Male,121.146.21.132
895,Jordan,MacLise,jmacliseou@purevolume.com,Male,161.121.73.165
896,Bradley,Edling,bedlingov@geocities.jp,Male,110.89.99.153
897,Trix,Ewestace,tewestaceow@netlog.com,Female,143.227.68.55
898,Bertine,Curnnokk,bcurnnokkox@china.com.cn,Female,208.205.228.225
899,Ricki,Matuszynski,rmatuszynskioy@drupal.org,Female,114.150.34.71
900,Obed,Queenborough,oqueenboroughoz@seesaa.net,Male,241.197.41.16
901,Wyatt,Longstaffe,wlongstaffep0@flickr.com,Male,245.128.45.39
902,Tim,Edess,tedessp1@themeforest.net,Female,106.43.46.186
903,Kirby,Rosengarten,krosengartenp2@alibaba.com,Female,56.171.73.127
904,Betsy,Willden,bwilldenp3@illinois.edu,Female,163.15.212.130
905,Analise,Kirrens,akirrensp4@lulu.com,Female,24.137.175.12
906,Demetri,Coghlin,dcoghlinp5@goodreads.com,Male,203.246.237.24
907,Barron,Crews,bcrewsp6@unblog.fr,Male,220.66.9.26
908,Hugibert,Astlatt,hastlattp7@linkedin.com,Male,252.199.60.29
909,Karlens,Templman,ktemplmanp8@homestead.com,Male,84.146.152.185
910,Brynn,Kilmartin,bkilmartinp9@umich.edu,Female,245.222.191.23
911,Gillian,Caudwell,gcaudwellpa@bigcartel.com,Female,55.3.145.60
912,Sukey,Ruthen,sruthenpb@ebay.com,Female,160.183.220.202
913,Breanne,d' Eye,bdeyepc@apache.org,Female,175.22.228.29
914,Lin,Mellish,lmellishpd@answers.com,Female,42.187.219.209
915,Sharia,Gooch,sgoochpe@hexun.com,Female,201.81.47.62
916,Raul,Mattosoff,rmattosoffpf@accuweather.com,Male,241.98.187.93
917,Nelia,Szantho,nszanthopg@bbb.org,Female,104.168.238.219
918,Colman,Mc Menamin,cmcmenaminph@symantec.com,Male,121.115.228.78
919,Dunc,Eagers,deagerspi@issuu.com,Male,205.179.26.220
920,Gabi,Tollemache,gtollemachepj@reddit.com,Male,98.46.8.8
921,Stanford,Lomaz,slomazpk@mac.com,Male,65.171.20.47
922,Skylar,Davidge,sdavidgepl@xrea.com,Male,152.65.213.63
923,Shermy,Bwye,sbwyepm@squarespace.com,Male,107.50.178.133
924,Sidonia,Shenton,sshentonpn@mapquest.com,Female,201.175.121.102
925,Christiano,Seine,cseinepo@craigslist.org,Male,38.138.254.225
926,Guido,Boler,gbolerpp@engadget.com,Male,83.130.175.106
927,Burgess,Badman,bbadmanpq@dot.gov,Male,251.54.242.134
928,Cami,Tinson,ctinsonpr@joomla.org,Female,9.114.227.83
929,Clarinda,Gobel,cgobelps@jigsy.com,Female,171.140.167.55
930,Pepita,Oki,pokipt@cnn.com,Female,154.154.121.254
931,Darci,Standbrook,dstandbrookpu@wufoo.com,Female,1.76.3.39
932,Kliment,Clilverd,kclilverdpv@google.ru,Male,235.137.17.223
933,Vito,Cullnean,vcullneanpw@elegantthemes.com,Male,233.96.213.18
934,Laetitia,Briance,lbriancepx@taobao.com,Female,40.6.65.187
935,Kiley,O'Fergus,koferguspy@desdev.cn,Female,77.249.233.141
936,Gwyn,Liepmann,gliepmannpz@163.com,Female,230.25.58.29
937,Cece,Brocklebank,cbrocklebankq0@google.com.hk,Male,206.235.170.81
938,Sheela,Strasse,sstrasseq1@shareasale.com,Female,206.15.48.85
939,Far,Stonary,fstonaryq2@twitpic.com,Male,194.142.144.156
940,Lesley,Matashkin,lmatashkinq3@merriam-webster.com,Female,119.104.200.62
941,Sapphire,Mousby,smousbyq4@xinhuanet.com,Female,64.131.54.26
942,Harri,Etherton,hethertonq5@businessweek.com,Female,31.222.20.205
943,Benjamin,Sconce,bsconceq6@discuz.net,Male,31.234.182.96
944,Magdaia,Jeannon,mjeannonq7@cocolog-nifty.com,Female,86.34.6.25
945,Kincaid,Mitchenson,kmitchensonq8@parallels.com,Male,202.213.103.152
946,Essy,Branni,ebranniq9@mail.ru,Female,181.206.103.32
947,Pepillo,Maybury,pmayburyqa@ning.com,Male,184.77.20.139
948,Ruddy,Vesque,rvesqueqb@japanpost.jp,Male,86.51.211.121
949,Scott,Postan,spostanqc@seesaa.net,Male,110.61.159.233
950,Miltie,Cowling,mcowlingqd@delicious.com,Male,82.243.72.148
951,Bonnibelle,Drew-Clifton,bdrewcliftonqe@unc.edu,Female,109.250.52.55
952,Devy,Bunnell,dbunnellqf@state.tx.us,Male,196.130.114.33
953,Dominga,Morshead,dmorsheadqg@php.net,Female,90.212.159.116
954,Karol,McKinty,kmckintyqh@telegraph.co.uk,Female,110.3.168.219
955,Gallard,Pavel,gpavelqi@aol.com,Male,39.184.114.98
956,Odilia,More,omoreqj@gov.uk,Female,220.240.13.64
957,Jackie,Pracy,jpracyqk@amazon.co.uk,Female,35.83.106.203
958,Eran,Bogeys,ebogeysql@tamu.edu,Female,158.38.142.235
959,Carilyn,Dadds,cdaddsqm@skype.com,Female,48.87.128.66
960,Ketty,Petrou,kpetrouqn@opera.com,Female,152.50.104.240
961,Kaine,Polini,kpoliniqo@lulu.com,Male,7.214.163.209
962,Marlena,Ashbee,mashbeeqp@storify.com,Female,160.220.114.83
963,Viki,Lenton,vlentonqq@sun.com,Female,42.193.246.69
964,Izzy,Trowler,itrowlerqr@furl.net,Male,101.207.155.127
965,Wallache,Sheryn,wsherynqs@so-net.ne.jp,Male,206.242.122.42
966,Jarad,Nudd,jnuddqt@hp.com,Male,255.180.232.203
967,Knox,Gun,kgunqu@networksolutions.com,Male,170.94.91.95
968,Shea,Wheeliker,swheelikerqv@xinhuanet.com,Male,156.134.107.255
969,Stepha,Goor,sgoorqw@virginia.edu,Female,2.203.21.171
970,Claudian,Sainteau,csainteauqx@goodreads.com,Male,184.159.145.225
971,Brear,Cramphorn,bcramphornqy@jugem.jp,Female,54.87.91.86
972,Honey,Stefi,hstefiqz@howstuffworks.com,Female,94.32.233.227
973,Lonna,Linggard,llinggardr0@apache.org,Female,85.214.34.53
974,Valentino,Phil,vphilr1@creativecommons.org,Male,184.236.39.186
975,Judith,Maymond,jmaymondr2@jalbum.net,Female,9.183.21.67
976,Julee,Verralls,jverrallsr3@howstuffworks.com,Female,97.11.113.173
977,Dalli,"Maysor,",dmaysorr4@yahoo.co.jp,Male,97.13.89.190
978,Gaynor,Josephson,gjosephsonr5@cnet.com,Female,238.11.236.9
979,Dian,Benson,dbensonr6@e-recht24.de,Female,55.255.230.178
980,Inez,Ilett,iilettr7@ning.com,Female,199.99.231.110
981,Mata,Stathers,mstathersr8@reuters.com,Male,69.223.250.222
982,Corty,Barabisch,cbarabischr9@ibm.com,Male,153.61.18.101
983,Sauveur,Smeed,ssmeedra@facebook.com,Male,50.169.135.229
984,Jacinta,Wroe,jwroerb@ucoz.com,Female,22.194.184.242
985,Sunshine,Ancliff,sancliffrc@naver.com,Female,211.195.155.218
986,Gwendolyn,Cartmail,gcartmailrd@economist.com,Female,246.226.55.52
987,Wernher,Klementz,wklementzre@dailymail.co.uk,Male,65.160.186.183
988,Annie,Lapree,alapreerf@oracle.com,Female,33.75.0.9
989,Rafaela,Roadknight,rroadknightrg@instagram.com,Female,85.224.235.91
990,Maudie,Keld,mkeldrh@blogs.com,Female,121.145.85.18
991,Cirilo,Riley,crileyri@cmu.edu,Male,150.83.115.160
992,Benyamin,Metts,bmettsrj@ehow.com,Male,84.151.227.54
993,Angel,Emma,aemmark@rediff.com,Female,53.74.131.97
994,Andris,Kleehuhler,akleehuhlerrl@w3.org,Male,155.146.101.42
995,Dorolisa,Doogood,ddoogoodrm@etsy.com,Female,246.5.8.13
996,Katalin,Sikorsky,ksikorskyrn@trellian.com,Female,15.41.201.76
997,Rourke,Slessor,rslessorro@fotki.com,Male,41.253.67.252
998,Sandro,Hardwin,shardwinrp@google.fr,Male,70.140.106.19
999,Michaelina,Wallentin,mwallentinrq@vkontakte.ru,Female,104.64.67.102
1000,Maren,Fluck,mfluckrr@ameblo.jp,Female,191.34.13.167
