1,Pearce,Jouannin,pjouannin0@wikimedia.org,Male,72.2.69.148
2,Alexandra,Soggee,asoggee1@seattletimes.com,Female,150.45.20.199
3,Aikki,Thunnerclef,rthunnerclef2@naver.com,Female,76.48.33.238
4,Coralie,Mulderrig,cmulderrig3@narod.ru,Female,172.228.10.173
5,Raleigh,Zoppo,rzoppo4@usa.gov,Male,90.86.103.248
6,Tanny,Kilmurry,tkilmurry5@uiuc.edu,Male,3.127.168.145
7,Courtenay,Rhucroft,crhucroft6@tinyurl.com,Female,48.186.28.59
8,Katine,Crinage,kcrinage7@exblog.jp,Female,81.120.161.234
9,Franklin,Tropman,ftropman8@amazon.co.uk,Male,110.210.227.61
10,Donaugh,Dillinger,ddillinger9@pcworld.com,Male,47.224.246.184
11,Tabina,Schurcke,tschurckea@intel.com,Female,35.121.79.70
12,Salomo,Hatfield,shatfieldb@friendfeed.com,Male,197.105.60.83
13,Amber,Pasley,apasleyc@posterous.com,Female,72.100.219.246
14,Cassius,Thurman,cthurmand@reference.com,Male,167.115.204.105
15,Alyss,Dietz,adietze@topsy.com,Female,152.135.250.36
16,La verne,Lightewood,llightewoodf@123-reg.co.uk,Female,44.187.210.163
17,Alina,Comiskey,acomiskeyg@usgs.gov,Female,232.145.1.216
18,Priscilla,Toms,ptomsh@webs.com,Female,17.27.175.66
19,Eba,McPhail,emcphaili@earthlink.net,Female,5.127.203.127
20,Trevor,Haibel,thaibelj@tuttocitta.it,Male,208.219.110.21
21,Vanya,Croxton,vcroxtonk@dailymotion.com,Male,196.31.195.173
22,Thibaut,Tolworthy,ttolworthyl@reference.com,Male,103.189.76.73
23,Alain,Pering,aperingm@issuu.com,Male,67.159.168.102
24,Eugen,Patient,epatientn@example.com,Male,133.213.43.66
25,Emiline,Toghill,etoghillo@theatlantic.com,Female,205.42.172.203
26,Tana,Furber,tfurberp@boston.com,Female,140.71.79.48
27,Benedict,Alesi,balesiq@elegantthemes.com,Male,244.23.227.64
28,Sada,Burd,sburdr@businessinsider.com,Female,89.150.149.234
29,Redd,Bellwood,rbellwoods@ft.com,Male,208.222.163.8
30,Randy,Clineck,rclineckt@apache.org,Male,44.48.56.63
31,Hal,Danielkiewicz,hdanielkiewiczu@gmpg.org,Male,239.39.220.187
32,Freeland,Tonbye,ftonbyev@statcounter.com,Male,250.135.253.152
33,Frederico,Stoakley,fstoakleyw@cpanel.net,Male,28.168.14.41
34,Lizzie,MacCheyne,lmaccheynex@clickbank.net,Female,85.30.255.198
35,Judye,De Carteret,jdecarterety@unblog.fr,Female,66.242.29.93
36,Erena,Phripp,ephrippz@amazon.co.jp,Female,137.191.220.113
37,Maressa,Biasioni,mbiasioni10@tumblr.com,Female,201.44.193.214
38,Shaw,Saturley,ssaturley11@archive.org,Male,234.148.233.10
39,Giffie,Levick,glevick12@berkeley.edu,Male,66.130.243.58
40,Marcus,Tinto,mtinto13@upenn.edu,Male,65.25.108.28
41,Erhard,McCullogh,emccullogh14@sciencedirect.com,Male,189.0.121.38
42,Georges,Vanin,gvanin15@businessweek.com,Male,170.97.88.92
43,Angelica,Quarmby,aquarmby16@google.ru,Female,94.58.92.231
44,Cassondra,O'Nowlan,conowlan17@deviantart.com,Female,229.62.98.240
45,Sharleen,Fleury,sfleury18@twitter.com,Female,200.82.61.110
46,Marge,Devita,mdevita19@sciencedaily.com,Female,222.169.46.59
47,Aeriell,Gallop,agallop1a@washingtonpost.com,Female,171.173.52.175
48,Dulcea,Sewley,dsewley1b@dmoz.org,Female,112.95.180.8
49,Nelson,Heighton,nheighton1c@ibm.com,Male,81.217.227.77
50,Patience,Matthisson,pmatthisson1d@amazon.co.uk,Female,37.94.140.11
51,Keane,Alves,kalves1e@wufoo.com,Male,116.88.140.174
52,Ladonna,Vel,lvel1f@kickstarter.com,Female,226.103.53.108
53,Elyn,McBrearty,emcbrearty1g@imageshack.us,Female,43.38.120.35
54,Annadiana,Woodberry,awoodberry1h@freewebs.com,Female,56.22.27.106
55,Ike,Edgcombe,iedgcombe1i@1688.com,Male,192.233.152.247
56,Gale,Hanham,ghanham1j@globo.com,Male,66.225.99.17
57,Dolph,Ruffle,druffle1k@blogs.com,Male,239.196.57.192
58,Gallagher,Putman,gputman1l@timesonline.co.uk,Male,122.26.104.204
59,Derron,Levinge,dlevinge1m@cpanel.net,Male,178.101.132.204
60,Gianni,Foxwell,gfoxwell1n@acquirethisname.com,Male,235.35.169.117
61,Ezri,Holttom,eholttom1o@deliciousdays.com,Male,13.166.228.48
62,Giustino,Lampens,glampens1p@bbb.org,Male,183.21.201.69
63,Myranda,Drummond,mdrummond1q@guardian.co.uk,Female,165.128.225.144
64,Suzy,Kender,skender1r@desdev.cn,Female,141.67.199.151
65,Rube,Maddyson,rmaddyson1s@nature.com,Male,151.167.25.185
66,Sallie,Shears,sshears1t@spotify.com,Female,97.212.255.64
67,Winna,Gopsill,wgopsill1u@ted.com,Female,79.250.204.119
68,Alvinia,Parkhouse,aparkhouse1v@furl.net,Female,63.181.5.5
69,Alena,Troy,atroy1w@cpanel.net,Female,190.129.179.68
70,Reynold,McGilmartin,rmcgilmartin1x@statcounter.com,Male,24.156.156.234
71,Tanya,Service,tservice1y@cnbc.com,Female,138.69.215.246
72,Saw,Brydone,sbrydone1z@wikispaces.com,Male,160.10.36.133
73,Kay,Ketcher,kketcher20@washingtonpost.com,Female,204.49.229.163
74,Robby,Bancroft,rbancroft21@mediafire.com,Female,246.248.187.185
75,Cathe,Beed,cbeed22@wiley.com,Female,119.62.25.70
76,Renee,Gribbon,rgribbon23@hao123.com,Female,133.107.129.100
77,Kenyon,Bowsher,kbowsher24@feedburner.com,Male,159.226.175.252
78,Lynne,Isham,lisham25@freewebs.com,Female,196.123.67.231
79,Myrle,McGuckin,mmcguckin26@salon.com,Female,1.63.189.240
80,Maible,Arghent,marghent27@vkontakte.ru,Female,211.2.193.71
81,Bern,Nerney,bnerney28@newyorker.com,Male,26.76.222.86
82,Hatty,Benedyktowicz,hbenedyktowicz29@microsoft.com,Female,84.179.230.85
83,Chico,Semerad,csemerad2a@domainmarket.com,Male,109.98.191.121
84,Winslow,Fricke,wfricke2b@unblog.fr,Male,52.87.77.211
85,Kendricks,Tucknott,ktucknott2c@typepad.com,Male,28.105.230.141
86,Tomkin,Castagneto,tcastagneto2d@canalblog.com,Male,113.172.77.244
87,Mitzi,Miner,mminer2e@cyberchimps.com,Female,2.117.158.79
88,Beltran,Sporner,bsporner2f@behance.net,Male,248.128.196.151
89,Cammie,Becraft,cbecraft2g@odnoklassniki.ru,Female,123.213.159.161
90,Tarrance,MacGee,tmacgee2h@macromedia.com,Male,233.130.87.112
91,Armin,Gligorijevic,agligorijevic2i@goo.ne.jp,Male,9.214.16.58
92,Gabi,Twigley,gtwigley2j@theatlantic.com,Male,34.34.162.193
93,Addie,Braidford,abraidford2k@drupal.org,Female,207.15.203.175
94,Alfy,Barkhouse,abarkhouse2l@ocn.ne.jp,Male,237.235.144.183
95,Philbert,Estcot,pestcot2m@symantec.com,Male,159.106.131.74
96,Bayard,Spencley,bspencley2n@yellowpages.com,Male,56.173.128.180
97,Leese,Warlow,lwarlow2o@parallels.com,Female,178.171.125.98
98,Donna,Cappineer,dcappineer2p@comsenz.com,Female,155.190.171.34
99,Isahella,Antonellini,iantonellini2q@amazon.com,Female,146.143.131.64
100,Rustie,Linnemann,rlinnemann2r@irs.gov,Male,0.33.80.12
101,Melisent,Emer,memer2s@oracle.com,Female,191.139.110.170
102,Filmore,Cahillane,fcahillane2t@naver.com,Male,79.11.31.126
103,Derk,Burwood,dburwood2u@mediafire.com,Male,50.57.164.75
104,Janessa,Cowx,jcowx2v@scribd.com,Female,135.103.60.20
105,Holmes,Laxtonne,hlaxtonne2w@seesaa.net,Male,76.189.65.95
106,Barron,Vischi,bvischi2x@addthis.com,Male,51.46.44.127
107,Adara,Shardlow,ashardlow2y@oracle.com,Female,216.250.176.55
108,Abrahan,Silver,asilver2z@globo.com,Male,113.84.74.240
109,Ileane,Plank,iplank30@nba.com,Female,194.232.28.109
110,Jasen,Bullan,jbullan31@mayoclinic.com,Male,255.182.45.134
111,Yevette,Bourrel,ybourrel32@microsoft.com,Female,223.78.122.49
112,Janel,Aiton,jaiton33@over-blog.com,Female,190.163.248.227
113,Nickolai,Longworthy,nlongworthy34@eventbrite.com,Male,253.240.181.3
114,Maybelle,Hache,mhache35@clickbank.net,Female,178.235.51.247
115,Jdavie,Austins,jaustins36@naver.com,Male,167.15.32.46
116,Georgeta,Synder,gsynder37@cbslocal.com,Female,85.118.136.86
117,Quincey,Maydway,qmaydway38@foxnews.com,Male,137.6.112.221
118,Birch,De Angelis,bdeangelis39@nature.com,Male,178.240.246.53
119,Jeni,Houndesome,jhoundesome3a@w3.org,Female,39.113.202.175
120,Ninetta,Feetham,nfeetham3b@sohu.com,Female,4.171.85.71
121,Philomena,Heyworth,pheyworth3c@blinklist.com,Female,235.101.199.205
122,Clemmie,Insole,cinsole3d@ameblo.jp,Female,51.248.192.144
123,Gaspard,Cadwaladr,gcadwaladr3e@odnoklassniki.ru,Male,238.208.106.99
124,Lombard,Margarson,lmargarson3f@nydailynews.com,Male,156.179.36.177
125,Trescha,Paler,tpaler3g@furl.net,Female,46.104.99.206
126,Mickey,Matthessen,mmatthessen3h@alibaba.com,Male,88.3.129.172
127,Dela,Orteau,dorteau3i@bbb.org,Female,211.185.13.6
128,Monika,Nancekivell,mnancekivell3j@disqus.com,Female,33.122.54.60
129,Rachele,Baldocci,rbaldocci3k@bloomberg.com,Female,155.163.19.66
130,Con,Hort,chort3l@dion.ne.jp,Female,30.61.39.77
131,Gordy,Santacrole,gsantacrole3m@salon.com,Male,140.11.224.240
132,Cornie,Menear,cmenear3n@theatlantic.com,Male,26.215.33.152
133,Barnett,Bruins,bbruins3o@nydailynews.com,Male,228.69.18.200
134,Ynez,Guppey,yguppey3p@mlb.com,Female,51.73.15.100
135,Carolee,Screach,cscreach3q@netvibes.com,Female,122.111.149.163
136,Johna,Pankhurst.,jpankhurst3r@google.ru,Female,86.42.58.26
137,Tabbatha,Kewzick,tkewzick3s@dot.gov,Female,42.112.102.165
138,Marten,Sanbrook,msanbrook3t@nps.gov,Male,30.118.131.60
139,Whitney,Roake,wroake3u@microsoft.com,Male,156.3.230.200
140,Judi,Simakov,jsimakov3v@reverbnation.com,Female,10.12.64.116
141,Pauly,Delwater,pdelwater3w@bigcartel.com,Male,164.205.121.136
142,Haze,Metcalfe,hmetcalfe3x@webeden.co.uk,Male,52.201.158.18
143,Shalom,Fyers,sfyers3y@biglobe.ne.jp,Male,81.227.37.31
144,Nikolos,Cahey,ncahey3z@ezinearticles.com,Male,250.10.70.189
145,Ernesto,Yggo,eyggo40@cafepress.com,Male,249.163.195.71
146,Constantina,Spickett,cspickett41@miibeian.gov.cn,Female,95.63.237.118
147,Agna,Banaszkiewicz,abanaszkiewicz42@mapy.cz,Female,177.109.161.149
148,Burg,McUre,bmcure43@shop-pro.jp,Male,182.133.213.190
149,Demott,Drewell,ddrewell44@ibm.com,Male,220.15.212.194
150,Millicent,Patient,mpatient45@jiathis.com,Female,41.241.242.84
151,Selinda,De-Ville,sdeville46@cnn.com,Female,218.191.160.10
152,Hilario,Garrity,hgarrity47@army.mil,Male,89.37.194.172
153,Cymbre,Orviss,corviss48@pcworld.com,Female,0.127.46.91
154,Dulci,Storek,dstorek49@fema.gov,Female,250.71.16.164
155,Nicolas,Kirkham,nkirkham4a@comsenz.com,Male,193.229.134.191
156,Myrle,Aucourte,maucourte4b@360.cn,Female,142.164.226.87
157,Victor,Evens,vevens4c@webeden.co.uk,Male,62.111.126.230
158,Kelwin,Aidler,kaidler4d@guardian.co.uk,Male,181.4.116.136
159,Bonny,Meynell,bmeynell4e@aol.com,Female,29.32.107.214
160,Angelique,Davers,adavers4f@yolasite.com,Female,21.194.171.46
161,Archibald,Wybourne,awybourne4g@columbia.edu,Male,115.201.161.231
162,Janie,Folca,jfolca4h@indiatimes.com,Female,195.76.160.108
163,Parnell,MacComiskey,pmaccomiskey4i@tuttocitta.it,Male,13.138.234.246
164,Robbie,Earles,rearles4j@4shared.com,Female,161.59.104.140
165,Colman,Ganderton,cganderton4k@cpanel.net,Male,174.141.78.52
166,Barny,Wither,bwither4l@ca.gov,Male,56.218.150.116
167,Nils,MacGown,nmacgown4m@bandcamp.com,Male,75.88.230.97
168,Dugald,Tallman,dtallman4n@pcworld.com,Male,36.221.48.236
169,Elnore,Enriquez,eenriquez4o@networksolutions.com,Female,215.197.174.123
170,Kaspar,Synnot,ksynnot4p@fc2.com,Male,131.211.86.234
171,Mahmud,Devo,mdevo4q@time.com,Male,158.110.187.116
172,Dorey,Arndtsen,darndtsen4r@comcast.net,Male,163.166.60.157
173,Jeromy,Shannahan,jshannahan4s@booking.com,Male,77.85.195.157
174,Cobbie,Cosbee,ccosbee4t@hexun.com,Male,74.32.127.239
175,Elva,De Vaux,edevaux4u@prnewswire.com,Female,238.13.169.127
176,Joaquin,Salter,jsalter4v@ebay.com,Male,132.26.21.192
177,Barbara,Stamps,bstamps4w@blog.com,Female,29.92.104.100
178,Lonni,Kirkwood,lkirkwood4x@artisteer.com,Female,224.163.212.127
179,Gregorius,Fishly,gfishly4y@google.co.jp,Male,52.181.139.34
180,Emelyne,Dalgarnocht,edalgarnocht4z@lulu.com,Female,203.115.236.227
181,Spence,Yellowlees,syellowlees50@addthis.com,Male,74.137.213.166
182,Denna,Sybry,dsybry51@aol.com,Female,185.129.99.58
183,Hatty,Sein,hsein52@google.com.br,Female,39.1.144.5
184,Shir,Tonbye,stonbye53@harvard.edu,Female,70.14.166.116
185,Ozzy,Dooland,odooland54@abc.net.au,Male,61.19.209.117
186,Reider,Oliveti,roliveti55@uiuc.edu,Male,147.169.0.15
187,Byrle,Thake,bthake56@archive.org,Male,162.229.29.229
188,Clayson,Kolyagin,ckolyagin57@about.me,Male,167.122.99.90
189,Karry,Aronstein,karonstein58@github.com,Female,242.182.208.88
190,Erin,Walklate,ewalklate59@nymag.com,Male,155.2.149.185
191,Laraine,Pfaff,lpfaff5a@edublogs.org,Female,191.226.215.142
192,Brigitte,Pinshon,bpinshon5b@wisc.edu,Female,180.185.227.160
193,Vale,Northleigh,vnorthleigh5c@issuu.com,Male,117.240.224.132
194,Dudley,Southerton,dsoutherton5d@home.pl,Male,101.129.187.71
195,Marian,McAvinchey,mmcavinchey5e@list-manage.com,Female,43.165.1.3
196,Saunder,Welfair,swelfair5f@netvibes.com,Male,24.100.137.11
197,Adriena,Florence,aflorence5g@amazon.co.uk,Female,72.131.27.218
198,Virge,Choules,vchoules5h@wiley.com,Male,153.110.25.45
199,Jedediah,Croux,jcroux5i@friendfeed.com,Male,4.105.99.197
200,Durand,Yurtsev,dyurtsev5j@tripod.com,Male,59.7.252.172
201,Colas,Tomney,ctomney5k@sitemeter.com,Male,82.208.57.196
202,Alyse,Wibrow,awibrow5l@blogspot.com,Female,23.216.85.8
203,Vernice,Auchterlony,vauchterlony5m@artisteer.com,Female,7.41.53.184
204,Joye,Lesslie,jlesslie5n@tmall.com,Female,208.86.94.25
205,Royce,Awmack,rawmack5o@seesaa.net,Male,141.84.214.59
206,Torrie,Fritchly,tfritchly5p@ocn.ne.jp,Female,77.149.195.244
207,Wilbert,Aylmer,waylmer5q@digg.com,Male,85.252.181.239
208,Israel,Grice,igrice5r@meetup.com,Male,31.215.193.122
209,Towney,Connop,tconnop5s@usnews.com,Male,75.248.103.12
210,Steffane,Nasey,snasey5t@marketwatch.com,Female,138.186.104.107
211,Brunhilde,Linsey,blinsey5u@gravatar.com,Female,206.126.57.152
212,Benson,Sexten,bsexten5v@indiatimes.com,Male,3.176.31.253
213,Deny,Boij,dboij5w@photobucket.com,Female,182.129.67.216
214,Gratia,Zink,gzink5x@wikimedia.org,Female,109.20.114.66
215,Kaycee,Gisbye,kgisbye5y@theatlantic.com,Female,122.41.61.40
216,Ashleigh,Faragher,afaragher5z@theguardian.com,Female,198.238.120.21
217,Leigha,Leeburne,lleeburne60@spiegel.de,Female,32.164.222.114
218,Darbee,Beasley,dbeasley61@senate.gov,Male,26.109.172.177
219,Bordie,Beckford,bbeckford62@wordpress.org,Male,82.172.51.22
220,Xenia,Arkill,xarkill63@zimbio.com,Female,222.238.177.222
221,Cecilla,Swire,cswire64@mediafire.com,Female,170.240.123.168
222,Sissy,McHaffy,smchaffy65@economist.com,Female,47.31.45.31
223,Cosmo,Whittick,cwhittick66@pbs.org,Male,35.214.233.123
224,Maritsa,Walsom,mwalsom67@pagesperso-orange.fr,Female,79.16.242.185
225,Rania,Storr,rstorr68@prnewswire.com,Female,208.62.15.72
226,Daniele,Ungerer,dungerer69@mediafire.com,Female,10.189.239.81
227,Sheba,Durno,sdurno6a@cnbc.com,Female,194.69.59.200
228,Moe,Irlam,mirlam6b@fda.gov,Male,170.146.237.214
229,Quintus,Gounel,qgounel6c@nhs.uk,Male,193.95.95.228
230,Saba,Elderbrant,selderbrant6d@cnet.com,Female,108.194.144.178
231,Robby,Pantridge,rpantridge6e@umich.edu,Male,65.68.55.94
232,Etan,Collerd,ecollerd6f@naver.com,Male,255.6.146.82
233,Gerhard,Sayles,gsayles6g@cam.ac.uk,Male,194.52.9.138
234,Bink,Fayter,bfayter6h@stumbleupon.com,Male,19.255.5.104
235,Barry,Frankes,bfrankes6i@nationalgeographic.com,Male,178.39.27.119
236,Hoebart,Matiewe,hmatiewe6j@disqus.com,Male,134.125.235.47
237,Jakie,Nicklinson,jnicklinson6k@indiegogo.com,Male,71.36.180.89
238,Ania,Coady,acoady6l@wufoo.com,Female,93.77.185.57
239,Jeanine,Hayter,jhayter6m@reverbnation.com,Female,12.148.70.236
240,Ingemar,Lorman,ilorman6n@1und1.de,Male,25.48.117.132
241,Felicity,Wingeat,fwingeat6o@home.pl,Female,30.32.154.250
242,Cody,Harroway,charroway6p@ox.ac.uk,Female,139.221.116.94
243,Donica,Trill,dtrill6q@amazon.co.uk,Female,165.59.160.248
244,Boothe,Luckings,bluckings6r@ycombinator.com,Male,186.33.193.0
245,Gussi,Brunnen,gbrunnen6s@sphinn.com,Female,8.172.127.143
246,Eric,Dangl,edangl6t@intel.com,Male,119.143.60.73
247,Boone,Ingman,bingman6u@rakuten.co.jp,Male,193.65.103.33
248,Fonsie,Duplan,fduplan6v@123-reg.co.uk,Male,6.38.207.7
249,Isac,Huster,ihuster6w@chronoengine.com,Male,165.12.134.219
250,Maegan,Yarker,myarker6x@cafepress.com,Female,56.38.113.222
251,Caresse,Blemings,cblemings6y@alibaba.com,Female,226.103.105.30
252,Ruperto,Ralston,rralston6z@tripod.com,Male,142.142.60.82
253,Fidelity,Farnan,ffarnan70@geocities.jp,Female,162.63.236.199
254,Antonina,Swansborough,aswansborough71@newsvine.com,Female,100.201.28.173
255,Gusta,Uglow,guglow72@sciencedirect.com,Female,183.159.252.223
256,Georgena,Turrill,gturrill73@vimeo.com,Female,215.102.178.145
257,Brendan,O' Donohoe,bodonohoe74@dailymotion.com,Male,168.52.225.154
258,Inigo,McLaughlin,imclaughlin75@mediafire.com,Male,74.177.77.156
259,Velma,Hayman,vhayman76@cloudflare.com,Female,134.137.135.39
260,Garwin,Chazerand,gchazerand77@flavors.me,Male,184.186.69.244
261,Klement,Bolus,kbolus78@hp.com,Male,3.1.224.9
262,Danie,Pavie,dpavie79@phoca.cz,Male,32.200.163.160
263,Humphrey,Pauling,hpauling7a@multiply.com,Male,12.180.207.22
264,Edie,Cordaroy,ecordaroy7b@topsy.com,Female,10.79.254.89
265,Krisha,Clericoates,kclericoates7c@drupal.org,Male,154.123.162.21
266,Raymund,Werner,rwerner7d@booking.com,Male,177.175.72.51
267,Traci,Kuhnert,tkuhnert7e@fda.gov,Female,14.66.253.161
268,Bronnie,Newis,bnewis7f@facebook.com,Male,70.38.40.93
269,Iseabal,Spittles,ispittles7g@simplemachines.org,Female,215.18.86.142
270,Currie,Kubec,ckubec7h@opera.com,Male,238.185.113.169
271,Levin,Harden,lharden7i@npr.org,Male,52.187.167.63
272,Burgess,Daffey,bdaffey7j@usda.gov,Male,175.246.11.10
273,Kimberlyn,Pirouet,kpirouet7k@earthlink.net,Female,145.135.239.94
274,Brigham,Dunster,bdunster7l@utexas.edu,Male,88.21.206.179
275,Minne,Upward,mupward7m@paginegialle.it,Female,38.176.2.67
276,Gelya,Emmott,gemmott7n@ehow.com,Female,28.127.126.69
277,Matthus,Skelding,mskelding7o@desdev.cn,Male,190.212.202.144
278,Nicko,Comer,ncomer7p@sina.com.cn,Male,9.164.157.64
279,Erroll,Starten,estarten7q@japanpost.jp,Male,110.165.164.2
280,Adolf,Betonia,abetonia7r@google.pl,Male,122.243.112.123
281,Grannie,Imbrey,gimbrey7s@bloomberg.com,Male,249.85.61.92
282,Andriette,Matevushev,amatevushev7t@statcounter.com,Female,151.219.23.35
283,Enrique,Sandeford,esandeford7u@163.com,Male,87.241.180.181
284,Myrtia,Mayte,mmayte7v@yellowpages.com,Female,67.133.242.252
285,Tedd,Trebble,ttrebble7w@tamu.edu,Male,170.4.75.189
286,Tammie,Hirsch,thirsch7x@gmpg.org,Male,50.3.243.66
287,Gustaf,Earsman,gearsman7y@google.cn,Male,164.21.220.191
288,Griffy,Abson,gabson7z@symantec.com,Male,212.28.192.97
289,Malissia,Barbe,mbarbe80@topsy.com,Female,218.164.146.36
290,Gerrie,Irwin,girwin81@artisteer.com,Male,15.8.126.151
291,Ilario,Von Der Empten,ivonderempten82@themeforest.net,Male,235.91.231.131
292,Craig,Gallen,cgallen83@tinyurl.com,Male,184.35.159.242
293,Agosto,McVittie,amcvittie84@myspace.com,Male,223.141.116.22
294,Minor,Bowles,mbowles85@archive.org,Male,201.47.198.70
295,Forster,Paulack,fpaulack86@youtu.be,Male,126.208.180.31
296,Karel,Applewhite,kapplewhite87@upenn.edu,Male,37.129.246.235
297,Winonah,Southcott,wsouthcott88@arizona.edu,Female,103.80.174.13
298,Zondra,Fleeman,zfleeman89@vistaprint.com,Female,206.192.158.141
299,Humfrey,Coakley,hcoakley8a@google.it,Male,107.25.232.174
300,Christin,Abdon,cabdon8b@netscape.com,Female,73.71.39.16
301,Alvera,Hachard,ahachard8c@state.gov,Female,95.83.92.37
302,Paco,Leming,pleming8d@live.com,Male,209.32.87.93
303,Bernard,Patel,bpatel8e@goo.ne.jp,Male,193.182.191.225
304,Amii,Gascard,agascard8f@wordpress.org,Female,17.110.114.198
305,Peggy,Oldfield-Cherry,poldfieldcherry8g@google.com.au,Female,64.154.61.1
306,Julina,Pennone,jpennone8h@cam.ac.uk,Female,165.69.120.79
307,Siobhan,Oran,soran8i@fda.gov,Female,70.16.206.166
308,Dimitri,Jeffrey,djeffrey8j@hc360.com,Male,32.13.27.165
309,Jeannette,Kerby,jkerby8k@51.la,Female,52.202.17.62
310,Augustina,Trickey,atrickey8l@house.gov,Female,30.249.104.159
311,Pepito,Tumilson,ptumilson8m@usda.gov,Male,137.133.193.139
312,Annice,Godon,agodon8n@virginia.edu,Female,103.64.102.58
313,Lyndsey,Hixson,lhixson8o@instagram.com,Female,162.195.242.152
314,Leroi,Helsby,lhelsby8p@wikispaces.com,Male,240.2.195.146
315,Devlen,Loudyan,dloudyan8q@aol.com,Male,106.12.47.190
316,Bertie,Lammenga,blammenga8r@histats.com,Female,243.87.193.234
317,Tim,Idle,tidle8s@drupal.org,Male,201.188.87.24
318,Rinaldo,Busst,rbusst8t@answers.com,Male,79.208.150.194
319,Mirna,Oles,moles8u@odnoklassniki.ru,Female,192.148.151.10
320,Bethena,Lock,block8v@google.fr,Female,121.113.26.195
321,Charlene,Whitsey,cwhitsey8w@about.com,Female,144.253.211.86
322,Afton,Innwood,ainnwood8x@redcross.org,Female,230.72.61.217
323,Hermia,Moscrop,hmoscrop8y@ucoz.com,Female,51.42.179.127
324,Sumner,Filpi,sfilpi8z@etsy.com,Male,147.24.209.15
325,Nananne,Cruddas,ncruddas90@google.es,Female,44.117.110.130
326,Cornelius,Michelotti,cmichelotti91@unc.edu,Male,162.11.211.201
327,Burnard,Collett,bcollett92@mit.edu,Male,186.71.114.230
328,Wynnie,O'Connell,woconnell93@theguardian.com,Female,158.80.58.79
329,Witty,Alforde,walforde94@blogtalkradio.com,Male,42.45.20.61
330,Anders,Kinrade,akinrade95@huffingtonpost.com,Male,222.11.84.248
331,Dody,Schrader,dschrader96@seattletimes.com,Female,104.192.147.255
332,Rosabel,Chappelow,rchappelow97@github.com,Female,40.90.243.11
333,Wilfrid,Petry,wpetry98@instagram.com,Male,124.65.249.5
334,Michael,de Almeida,mdealmeida99@woothemes.com,Male,24.205.35.31
335,Rogers,Cotelard,rcotelard9a@clickbank.net,Male,188.242.209.151
336,Thia,Vasiltsov,tvasiltsov9b@auda.org.au,Female,17.63.69.130
337,Zita,Rogans,zrogans9c@friendfeed.com,Female,75.120.116.147
338,Redford,Wallett,rwallett9d@zimbio.com,Male,7.243.6.240
339,Octavius,Blockwell,oblockwell9e@a8.net,Male,123.55.1.245
340,Ann-marie,Micah,amicah9f@jimdo.com,Female,230.255.126.233
341,Liva,Torrese,ltorrese9g@amazonaws.com,Female,148.1.13.29
342,Clem,O'Sheeryne,cosheeryne9h@bandcamp.com,Male,211.30.161.175
343,Felice,Kidston,fkidston9i@opera.com,Female,98.113.21.230
344,Cass,Morley,cmorley9j@webs.com,Male,39.41.236.210
345,Ruddy,Aslett,raslett9k@diigo.com,Male,36.211.137.79
346,Candie,Behne,cbehne9l@acquirethisname.com,Female,245.169.239.111
347,Rob,Lunt,rlunt9m@army.mil,Male,82.49.19.215
348,Mar,Philipsohn,mphilipsohn9n@nifty.com,Male,253.11.185.158
349,Baxter,Elliker,belliker9o@tinypic.com,Male,201.47.168.214
350,Miguel,Leversha,mleversha9p@scribd.com,Male,76.254.93.250
351,Missy,Knott,mknott9q@t-online.de,Female,94.38.116.51
352,Salvidor,Hicklingbottom,shicklingbottom9r@webs.com,Male,17.29.208.39
353,Alia,Dorkins,adorkins9s@taobao.com,Female,18.135.141.112
354,Jacobo,Winterscale,jwinterscale9t@nps.gov,Male,156.68.24.49
355,Celeste,Seckington,cseckington9u@abc.net.au,Female,50.223.233.110
356,Granthem,Hopkynson,ghopkynson9v@goo.gl,Male,209.57.33.40
357,Oby,Margerrison,omargerrison9w@ibm.com,Male,247.83.95.34
358,Shellie,MacAne,smacane9x@bizjournals.com,Female,220.50.142.100
359,Nedi,Chardin,nchardin9y@globo.com,Female,97.30.55.101
360,Rakel,Lineker,rlineker9z@ted.com,Female,52.144.214.41
361,Eleni,Berkery,eberkerya0@macromedia.com,Female,63.49.75.229
362,Welch,Gasperi,wgasperia1@whitehouse.gov,Male,149.2.70.108
363,Cross,Bodega,cbodegaa2@studiopress.com,Male,22.184.141.106
364,Mort,Fritzer,mfritzera3@newsvine.com,Male,242.243.97.114
365,Padgett,Gaunson,pgaunsona4@va.gov,Male,125.153.117.237
366,Antonio,Greenard,agreenarda5@wsj.com,Male,98.142.167.54
367,Faye,Emberton,fembertona6@mysql.com,Female,7.210.175.23
368,Bertram,Gleadhall,bgleadhalla7@usda.gov,Male,39.158.226.25
369,Niccolo,Oldland,noldlanda8@webs.com,Male,190.132.86.20
370,Horten,Skeggs,hskeggsa9@netlog.com,Male,21.173.47.5
371,Deane,Wheelan,dwheelanaa@sina.com.cn,Female,42.72.198.29
372,Erika,Burney,eburneyab@t.co,Female,95.244.0.132
373,Rickert,Lowers,rlowersac@npr.org,Male,141.2.22.253
374,Hagan,March,hmarchad@oakley.com,Male,216.21.110.107
375,Trish,Matkovic,tmatkovicae@xrea.com,Female,18.150.160.33
376,Orv,Stelle,ostelleaf@google.de,Male,48.44.215.170
377,Leland,Filyushkin,lfilyushkinag@surveymonkey.com,Male,28.20.213.55
378,Nehemiah,Prangley,nprangleyah@tiny.cc,Male,53.237.39.33
379,Derk,Stell,dstellai@comsenz.com,Male,43.163.230.82
380,Christalle,Cullnean,ccullneanaj@china.com.cn,Female,57.23.12.169
381,Wren,Dallas,wdallasak@imdb.com,Female,233.25.159.213
382,Iago,Byne,ibyneal@state.gov,Male,214.203.245.143
383,Brocky,Crambie,bcrambieam@prnewswire.com,Male,139.61.138.243
384,Renaud,Crosdill,rcrosdillan@merriam-webster.com,Male,56.231.186.237
385,Douglass,Pleuman,dpleumanao@hc360.com,Male,215.24.209.140
386,Jasun,Magee,jmageeap@livejournal.com,Male,204.230.93.58
387,Denver,Garham,dgarhamaq@goo.gl,Male,64.236.175.183
388,Salomon,Goodlatt,sgoodlattar@ft.com,Male,99.235.162.113
389,Oren,Coare,ocoareas@nytimes.com,Male,157.1.93.93
390,Vance,Frazer,vfrazerat@weather.com,Male,187.177.218.54
391,Korry,Antoni,kantoniau@google.pl,Female,150.227.85.94
392,Fabiano,Woller,fwollerav@blogs.com,Male,196.122.121.71
393,Suzanna,Ligoe,sligoeaw@sphinn.com,Female,248.87.152.2
394,Brice,McIlrath,bmcilrathax@marketwatch.com,Male,9.82.82.106
395,Lynnette,Bortoluzzi,lbortoluzziay@sakura.ne.jp,Female,235.255.173.60
396,Erda,Dransfield,edransfieldaz@wordpress.org,Female,141.98.61.224
397,Urban,Pretorius,upretoriusb0@webs.com,Male,74.7.31.64
398,Yancey,Pavis,ypavisb1@reverbnation.com,Male,236.139.172.7
399,Dukie,Regus,dregusb2@wordpress.org,Male,142.92.11.65
400,Jamie,Officer,jofficerb3@amazon.com,Male,247.3.85.214
401,Pierre,Edgington,pedgingtonb4@jigsy.com,Male,194.69.22.241
402,Alyce,Tiler,atilerb5@hubpages.com,Female,47.238.196.201
403,Risa,Franies,rfraniesb6@shutterfly.com,Female,160.191.236.233
404,Herta,Colegrove,hcolegroveb7@cbslocal.com,Female,36.226.228.46
405,Elianore,Garrioch,egarriochb8@icio.us,Female,8.244.39.25
406,Cloe,MacVay,cmacvayb9@mashable.com,Female,22.243.143.144
407,Daryn,Grimsley,dgrimsleyba@issuu.com,Female,247.169.78.56
408,Taddeo,Senescall,tsenescallbb@senate.gov,Male,239.139.227.114
409,Florencia,Barlee,fbarleebc@psu.edu,Female,77.238.181.92
410,Hayyim,Bosse,hbossebd@huffingtonpost.com,Male,105.232.126.251
411,Nanni,Jain,njainbe@paypal.com,Female,206.157.73.51
412,Kennan,Braizier,kbraizierbf@stumbleupon.com,Male,59.154.233.29
413,Raymond,Spohr,rspohrbg@alexa.com,Male,120.126.20.57
414,Marylee,Garvin,mgarvinbh@telegraph.co.uk,Female,87.198.20.141
415,Rosie,Stennett,rstennettbi@oakley.com,Female,133.96.52.22
416,Caren,Ferre,cferrebj@tuttocitta.it,Female,133.208.182.233
417,Nahum,Tubb,ntubbbk@pbs.org,Male,195.215.198.3
418,Ron,Youtead,ryouteadbl@liveinternet.ru,Male,60.162.182.36
419,Tabitha,Santus,tsantusbm@deliciousdays.com,Female,172.13.169.55
420,Farleigh,Anstis,fanstisbn@squidoo.com,Male,52.115.254.86
421,Domeniga,Pestricke,dpestrickebo@epa.gov,Female,248.194.126.183
422,Dalenna,Edney,dedneybp@ask.com,Female,189.2.1.142
423,Arlyne,Jentin,ajentinbq@bandcamp.com,Female,100.146.43.154
424,Abagael,Winsley,awinsleybr@cornell.edu,Female,83.0.84.35
425,Rafaelita,Mingardo,rmingardobs@sbwire.com,Female,236.206.171.58
426,Cullan,Schimaschke,cschimaschkebt@hp.com,Male,77.101.161.45
427,Melosa,Tixall,mtixallbu@redcross.org,Female,150.222.176.41
428,Jase,Clendinning,jclendinningbv@sciencedirect.com,Male,160.152.248.85
429,Esme,Waring,ewaringbw@adobe.com,Male,155.145.244.143
430,Gilbertina,Vida,gvidabx@nifty.com,Female,119.69.35.80
431,Saleem,Cloonan,scloonanby@chicagotribune.com,Male,178.178.58.114
432,Joshua,Costen,jcostenbz@fotki.com,Male,225.22.231.47
433,Dosi,Flipek,dflipekc0@fda.gov,Female,49.68.226.211
434,Shalom,Acedo,sacedoc1@diigo.com,Male,92.130.185.88
435,Yuma,Dougary,ydougaryc2@storify.com,Male,176.248.241.159
436,Mitchell,Brambley,mbrambleyc3@printfriendly.com,Male,192.86.143.236
437,Sibylle,Blaby,sblabyc4@hibu.com,Female,103.115.179.10
438,Luce,Kennington,lkenningtonc5@samsung.com,Male,25.168.221.108
439,Jacynth,Cockren,jcockrenc6@ox.ac.uk,Female,207.140.212.49
440,Darya,Sharer,dsharerc7@seattletimes.com,Female,250.163.193.157
441,Stavro,Loxly,sloxlyc8@simplemachines.org,Male,219.118.150.66
442,Adan,Poynter,apoynterc9@google.co.jp,Male,251.43.40.191
443,Brooke,Wurst,bwurstca@meetup.com,Male,196.112.38.131
444,Gabe,Deschlein,gdeschleincb@blinklist.com,Male,157.114.242.101
445,Herta,Swinerd,hswinerdcc@desdev.cn,Female,200.75.98.75
446,Lucretia,Haughey,lhaugheycd@about.com,Female,13.131.223.6
447,Trixie,Radmore,tradmorece@cafepress.com,Female,106.138.166.148
448,Marja,Dundredge,mdundredgecf@usgs.gov,Female,174.49.187.237
449,Ally,Fitzroy,afitzroycg@live.com,Female,133.186.138.53
450,Dru,Aasaf,daasafch@google.it,Female,203.91.65.117
451,Oby,Whitford,owhitfordci@weather.com,Male,143.155.195.37
452,Warren,Brickhill,wbrickhillcj@foxnews.com,Male,23.239.41.65
453,Brew,Toomer,btoomerck@blinklist.com,Male,31.168.121.89
454,Joletta,Swadlen,jswadlencl@marriott.com,Female,205.180.234.71
455,Nissy,Cuckson,ncucksoncm@gmpg.org,Female,10.92.228.199
456,Natal,Fields,nfieldscn@behance.net,Male,214.24.59.204
457,Lawrence,Samwell,lsamwellco@hexun.com,Male,82.239.130.206
458,Juli,Moniker,jmonikercp@usgs.gov,Female,17.108.131.52
459,Donnie,Gamon,dgamoncq@dagondesign.com,Male,143.239.254.40
460,Darnell,McCandie,dmccandiecr@fema.gov,Male,220.191.18.2
461,Kristoffer,Dikelin,kdikelincs@arstechnica.com,Male,202.28.102.135
462,Dalia,Tuohy,dtuohyct@wikispaces.com,Female,219.17.18.110
463,Monroe,Hanne,mhannecu@creativecommons.org,Male,146.14.220.39
464,Shawna,O'Mullaney,somullaneycv@foxnews.com,Female,67.60.85.101
465,Carolann,Sier,csiercw@vimeo.com,Female,250.102.154.71
466,Horatia,Gerram,hgerramcx@howstuffworks.com,Female,254.243.26.247
467,Fred,Lampl,flamplcy@gmpg.org,Male,88.45.24.12
468,Klara,Fullun,kfulluncz@naver.com,Female,148.185.9.12
469,Florry,Symonds,fsymondsd0@skyrock.com,Female,30.20.191.206
470,Marabel,Matoshin,mmatoshind1@un.org,Female,234.209.34.45
471,Emera,Wyburn,ewyburnd2@simplemachines.org,Female,139.214.20.68
472,Paten,Starford,pstarfordd3@engadget.com,Male,185.123.139.235
473,Doralynne,Grooby,dgroobyd4@nytimes.com,Female,82.112.124.180
474,Lanny,Pyford,lpyfordd5@scribd.com,Male,157.77.199.158
475,Dewie,Sorsbie,dsorsbied6@typepad.com,Male,72.82.152.48
476,Alejandra,Oswell,aoswelld7@zdnet.com,Female,55.67.169.1
477,Quill,Ortler,qortlerd8@opensource.org,Male,152.9.142.32
478,Mikael,De Blasio,mdeblasiod9@amazon.de,Male,44.143.156.199
479,Rina,Lacroutz,rlacroutzda@stanford.edu,Female,8.77.193.135
480,Powell,Tripcony,ptripconydb@domainmarket.com,Male,183.94.176.93
481,Millicent,Seden,msedendc@macromedia.com,Female,26.83.236.245
482,Roldan,Osler,roslerdd@hugedomains.com,Male,23.50.195.253
483,Georgia,MacKeever,gmackeeverde@oracle.com,Female,65.51.227.27
484,Amby,Tuffield,atuffielddf@mayoclinic.com,Male,88.199.212.9
485,Velvet,Worledge,vworledgedg@google.fr,Female,127.47.92.86
486,Grata,Giottini,ggiottinidh@dot.gov,Female,94.84.171.251
487,Gayle,de Banke,gdebankedi@constantcontact.com,Female,121.23.216.33
488,Odella,Issacof,oissacofdj@zdnet.com,Female,56.254.233.80
489,Jerry,Dillet,jdilletdk@canalblog.com,Male,112.111.79.69
490,Donna,Buard,dbuarddl@umn.edu,Female,88.246.69.238
491,Sebastiano,Gamet,sgametdm@youtu.be,Male,127.78.97.194
492,Ebony,Brantzen,ebrantzendn@infoseek.co.jp,Female,55.208.119.195
493,Alan,Filippozzi,afilippozzido@latimes.com,Male,248.9.220.53
494,Ricky,Summerskill,rsummerskilldp@bluehost.com,Female,96.31.153.215
495,Winonah,Noury,wnourydq@smugmug.com,Female,177.132.178.71
496,Bradan,Thackston,bthackstondr@goo.ne.jp,Male,90.151.118.9
497,Kristofor,Metrick,kmetrickds@tiny.cc,Male,154.160.113.171
498,Lonni,Duxfield,lduxfielddt@boston.com,Female,12.178.225.231
499,Morena,Tynemouth,mtynemouthdu@mac.com,Female,243.81.138.240
500,Ardeen,Keyho,akeyhodv@tmall.com,Female,38.110.252.26
501,Amargo,McDonand,amcdonanddw@ihg.com,Female,38.207.54.220
502,Julia,Lossman,jlossmandx@independent.co.uk,Female,170.102.186.211
503,Hercules,Mutch,hmutchdy@sina.com.cn,Male,142.135.186.78
504,Miguela,Dyte,mdytedz@behance.net,Female,186.248.202.108
505,Ignatius,Bromell,ibromelle0@blogspot.com,Male,93.197.246.54
506,Kirby,Coolican,kcoolicane1@51.la,Female,44.105.154.129
507,Margaret,Kardos,mkardose2@homestead.com,Female,88.29.180.13
508,Daron,Bleakley,dbleakleye3@livejournal.com,Female,73.175.98.21
509,Madella,Stellin,mstelline4@gov.uk,Female,185.231.67.125
510,Mickie,Feehery,mfeeherye5@google.co.uk,Female,77.241.224.1
511,Leoine,Mepham,lmephame6@pagesperso-orange.fr,Female,91.199.225.170
512,Willie,Alderton,waldertone7@vkontakte.ru,Male,208.60.153.4
513,Cristie,Jakolevitch,cjakolevitche8@ezinearticles.com,Female,129.151.22.123
514,Naoma,Kleinhaus,nkleinhause9@ebay.co.uk,Female,119.147.118.125
515,Arielle,Seares,asearesea@ucla.edu,Female,244.192.228.111
516,Savina,Wisden,swisdeneb@photobucket.com,Female,79.199.27.168
517,Molli,Petheridge,mpetheridgeec@cnn.com,Female,232.19.6.46
518,Elle,Maffucci,emaffuccied@ovh.net,Female,151.176.154.25
519,Carole,Dreier,cdreieree@comcast.net,Female,155.170.183.243
520,Emera,Gerraty,egerratyef@abc.net.au,Female,51.162.110.126
521,Marji,Morfey,mmorfeyeg@yolasite.com,Female,168.194.26.168
522,Nil,Molyneux,nmolyneuxeh@spiegel.de,Male,8.176.12.3
523,Britt,Louth,blouthei@pbs.org,Male,85.60.24.211
524,Alene,Vooght,avooghtej@merriam-webster.com,Female,25.196.152.196
525,Keene,Kryzhov,kkryzhovek@about.com,Male,203.127.66.171
526,Bebe,Humberston,bhumberstonel@cmu.edu,Female,37.137.65.196
527,Melicent,Scottini,mscottiniem@icq.com,Female,40.243.114.212
528,Feliks,Lantuffe,flantuffeen@si.edu,Male,39.156.217.79
529,Woodrow,Catherine,wcatherineeo@cargocollective.com,Male,156.211.13.83
530,Chariot,Collinge,ccollingeep@jiathis.com,Male,208.235.91.112
531,Cynthia,Erdis,cerdiseq@joomla.org,Female,89.109.36.221
532,Jen,Meddemmen,jmeddemmener@angelfire.com,Female,18.107.113.38
533,Arvin,Clementi,aclementies@sogou.com,Male,108.214.219.131
534,Gare,Leyre,gleyreet@adobe.com,Male,118.201.3.14
535,Siegfried,Gatlin,sgatlineu@amazon.de,Male,7.11.162.234
536,Sarajane,Holdworth,sholdworthev@berkeley.edu,Female,244.107.23.252
537,Neron,MacGaughie,nmacgaughieew@github.com,Male,212.19.16.172
538,Sly,Kobsch,skobschex@yellowbook.com,Male,187.111.234.218
539,Giusto,Larvent,glarventey@fc2.com,Male,200.16.224.77
540,Vicky,Rawlings,vrawlingsez@printfriendly.com,Female,207.235.185.8
541,Thain,Brisland,tbrislandf0@sitemeter.com,Male,208.22.106.38
542,Tadio,Ruxton,truxtonf1@admin.ch,Male,196.4.176.52
543,Robyn,Handrock,rhandrockf2@tmall.com,Female,17.21.111.212
544,Bing,Rogister,brogisterf3@springer.com,Male,186.160.245.209
545,Lorri,Jewiss,ljewissf4@npr.org,Female,31.16.230.33
546,Yance,Winham,ywinhamf5@squarespace.com,Male,10.33.237.170
547,Tomi,MacGuigan,tmacguiganf6@unesco.org,Female,134.227.29.117
548,Sam,Pillifant,spillifantf7@unc.edu,Male,128.65.32.9
549,Fulton,Medendorp,fmedendorpf8@cmu.edu,Male,235.103.53.132
550,Ellery,Pude,epudef9@ning.com,Male,40.47.152.124
551,Connor,Ruggier,cruggierfa@whitehouse.gov,Male,242.34.104.198
552,Simonne,Rengger,srenggerfb@hexun.com,Female,2.0.48.193
553,Corie,Greest,cgreestfc@scientificamerican.com,Female,119.168.173.129
554,Dewie,Hillin,dhillinfd@google.com.br,Male,23.154.168.23
555,Mortie,Gelderd,mgelderdfe@cam.ac.uk,Male,205.111.191.154
556,Mic,Farnes,mfarnesff@discuz.net,Male,97.188.151.121
557,Anjanette,Woan,awoanfg@nature.com,Female,81.134.66.40
558,Putnem,Silberschatz,psilberschatzfh@unicef.org,Male,91.43.212.46
559,Heath,Somerset,hsomersetfi@dailymotion.com,Male,249.44.204.126
560,Portia,Hounihan,phounihanfj@furl.net,Female,150.173.122.255
561,Cori,Furlow,cfurlowfk@amazon.co.jp,Male,148.104.229.0
562,Virgil,Simakov,vsimakovfl@hubpages.com,Male,207.159.183.161
563,Nora,Springthorp,nspringthorpfm@hud.gov,Female,17.131.20.76
564,Norbie,Pestricke,npestrickefn@cnn.com,Male,15.229.254.26
565,Bekki,Youson,byousonfo@discovery.com,Female,163.226.112.113
566,Ethelind,Cuerdale,ecuerdalefp@istockphoto.com,Female,13.50.124.38
567,Dyna,Drysdale,ddrysdalefq@dmoz.org,Female,220.51.92.113
568,Sande,Cobley,scobleyfr@elpais.com,Female,46.103.176.137
569,Maribelle,Wroth,mwrothfs@who.int,Female,113.248.140.204
570,Electra,Fearon,efearonft@infoseek.co.jp,Female,224.62.158.154
571,Joella,Oakeshott,joakeshottfu@bbc.co.uk,Female,200.86.8.72
572,Janela,Kensett,jkensettfv@liveinternet.ru,Female,114.228.160.17
573,Freeman,Summerly,fsummerlyfw@tamu.edu,Male,179.45.217.194
574,Rania,Stanfield,rstanfieldfx@sun.com,Female,181.95.211.165
575,Barri,Grouse,bgrousefy@smugmug.com,Male,103.245.252.173
576,Siward,Elsay,selsayfz@zdnet.com,Male,229.96.63.167
577,Steve,Gilhooley,sgilhooleyg0@pbs.org,Male,183.32.43.53
578,Rakel,Dionisii,rdionisiig1@surveymonkey.com,Female,201.195.119.47
579,Vassily,Corden,vcordeng2@gravatar.com,Male,32.211.92.61
580,Claudette,Trelevan,ctrelevang3@ebay.com,Female,128.94.5.61
581,Scotti,Berringer,sberringerg4@alexa.com,Male,182.227.19.109
582,Gaby,Walicki,gwalickig5@aboutads.info,Male,95.66.5.141
583,Jeanette,Plaice,jplaiceg6@surveymonkey.com,Female,71.188.202.82
584,Fanechka,Ossipenko,fossipenkog7@woothemes.com,Female,47.226.93.185
585,Winifield,Atherton,wathertong8@state.tx.us,Male,187.151.18.104
586,Gale,Sherwen,gsherweng9@deliciousdays.com,Male,185.37.120.210
587,Hermine,Lombardo,hlombardoga@engadget.com,Female,45.221.31.154
588,Alysa,Skatcher,askatchergb@alexa.com,Female,36.139.159.50
589,Martha,Loffill,mloffillgc@amazon.de,Female,170.146.43.198
590,Shelby,Chastan,schastangd@1688.com,Male,101.22.175.101
591,Tiebold,Pavlishchev,tpavlishchevge@oaic.gov.au,Male,86.131.32.98
592,Alwyn,Nafzger,anafzgergf@europa.eu,Male,179.85.62.90
593,Dyan,Beauchop,dbeauchopgg@ning.com,Female,82.78.254.18
594,Shep,Greenway,sgreenwaygh@miibeian.gov.cn,Male,215.246.37.158
595,Lind,Iglesia,liglesiagi@squidoo.com,Female,221.131.147.187
596,Nichole,Redfearn,nredfearngj@163.com,Female,151.163.115.169
597,Troy,Brobyn,tbrobyngk@nasa.gov,Male,195.217.129.247
598,Tuckie,O'Hanlon,tohanlongl@disqus.com,Male,66.91.87.207
599,Filbert,Koeppke,fkoeppkegm@nsw.gov.au,Male,162.149.144.12
600,Albie,Mustoo,amustoogn@yelp.com,Male,51.106.34.158
601,Stoddard,Franz,sfranzgo@twitpic.com,Female,97.65.191.152
602,Truda,Carnduff,tcarnduffgp@fotki.com,Female,119.175.253.24
603,Frederico,Lansdale,flansdalegq@discuz.net,Male,139.79.226.206
604,Colas,Paxman,cpaxmangr@thetimes.co.uk,Male,148.92.239.46
605,Jabez,Padbury,jpadburygs@sfgate.com,Male,198.136.26.186
606,Donny,Von Welldun,dvonwelldungt@redcross.org,Male,88.178.96.81
607,Vanessa,Brockley,vbrockleygu@archive.org,Female,142.115.225.225
608,Aldous,Giraudot,agiraudotgv@unc.edu,Male,221.212.133.76
609,Johny,Eakin,jeakingw@whitehouse.gov,Male,21.213.91.57
610,Emmott,Meller,emellergx@amazon.co.jp,Male,249.88.232.237
611,Sashenka,Walton,swaltongy@goo.ne.jp,Female,184.11.235.57
612,Tobit,Plant,tplantgz@mediafire.com,Male,55.90.251.75
613,Lindon,Upward,lupwardh0@1und1.de,Male,67.107.70.233
614,Fraze,Hartfield,fhartfieldh1@purevolume.com,Male,8.103.116.59
615,Jolee,Enderlein,jenderleinh2@businessinsider.com,Female,4.94.212.16
616,Trisha,Stokes,tstokesh3@marriott.com,Female,103.145.139.72
617,Elwyn,Mannin,emanninh4@merriam-webster.com,Male,121.70.64.95
618,Wendell,Hathwood,whathwoodh5@skype.com,Male,208.179.151.167
619,Kliment,Yosifov,kyosifovh6@ox.ac.uk,Male,206.123.202.108
620,Manya,Slay,mslayh7@cloudflare.com,Female,48.136.11.70
621,Ingelbert,Kell,ikellh8@imgur.com,Male,37.58.36.161
622,Clementia,Drees,cdreesh9@cloudflare.com,Female,121.87.240.109
623,Joelle,Kob,jkobha@oakley.com,Female,147.15.212.104
624,Ralph,Eydel,reydelhb@pen.io,Male,191.135.172.2
625,Blondell,Webbe,bwebbehc@tinyurl.com,Female,103.132.107.137
626,Briney,Quiddinton,bquiddintonhd@adobe.com,Female,134.21.195.231
627,Bernarr,Held,bheldhe@google.it,Male,255.49.120.75
628,Rube,Moyser,rmoyserhf@elegantthemes.com,Male,136.213.118.128
629,Sisile,Benoix,sbenoixhg@mit.edu,Female,231.187.197.181
630,Dottie,Crunkhurn,dcrunkhurnhh@tinyurl.com,Female,37.28.139.215
631,Arleen,Bousfield,abousfieldhi@github.com,Female,173.16.42.25
632,Jacqui,O'Kenny,jokennyhj@businesswire.com,Female,3.228.30.10
633,Delores,Wetheril,dwetherilhk@youku.com,Female,32.238.106.202
634,Ron,Ronchi,rronchihl@pen.io,Male,210.119.255.108
635,Gannon,Farquhar,gfarquharhm@tinyurl.com,Male,61.120.98.239
636,Gregorius,Edgeller,gedgellerhn@aol.com,Male,223.180.65.153
637,Nanette,Glenn,nglennho@ezinearticles.com,Female,98.202.3.175
638,Leona,Barthorpe,lbarthorpehp@sina.com.cn,Female,67.20.82.152
639,Reinaldos,Neil,rneilhq@ifeng.com,Male,51.23.217.254
640,Griselda,Neising,gneisinghr@sciencedaily.com,Female,198.5.164.44
641,Gretel,Schwandt,gschwandths@jiathis.com,Female,99.25.61.54
642,Nikolai,Duthie,nduthieht@cisco.com,Male,133.225.149.176
643,Jessamine,Stert,jsterthu@etsy.com,Female,157.227.89.11
644,Jilli,Faltin,jfaltinhv@dion.ne.jp,Female,138.102.21.48
645,Gris,Fernandes,gfernandeshw@hexun.com,Male,198.104.254.234
646,Orin,MacDirmid,omacdirmidhx@seattletimes.com,Male,53.140.185.233
647,Stanly,Birch,sbirchhy@photobucket.com,Male,168.97.37.198
648,Emlynne,Gleadhall,egleadhallhz@prweb.com,Female,2.3.251.174
649,Lenette,Biskup,lbiskupi0@opensource.org,Female,135.105.83.38
650,Hali,Elcy,helcyi1@cargocollective.com,Female,215.27.28.45
651,Nikos,Epgrave,nepgravei2@ted.com,Male,133.235.11.199
652,Arch,Stevings,astevingsi3@wunderground.com,Male,218.25.204.24
653,Tandie,Schofield,tschofieldi4@webnode.com,Female,252.79.193.226
654,Chloe,Toland,ctolandi5@nature.com,Female,44.35.22.78
655,Kermie,Knapp,kknappi6@booking.com,Male,62.24.35.164
656,Hestia,Edmondson,hedmondsoni7@bloomberg.com,Female,88.16.12.57
657,Caryl,Baiden,cbaideni8@theatlantic.com,Female,26.250.10.68
658,Charmian,Conford,cconfordi9@msu.edu,Female,69.250.183.10
659,Harp,Gertz,hgertzia@mtv.com,Male,13.119.118.241
660,Leeanne,Curdell,lcurdellib@xrea.com,Female,45.180.107.253
661,Joella,Gellion,jgellionic@xrea.com,Female,80.55.133.196
662,Leah,Connett,lconnettid@icio.us,Female,163.154.203.200
663,Rosaline,Coviello,rcovielloie@reverbnation.com,Female,210.84.198.96
664,Bertina,Whelpton,bwhelptonif@blogspot.com,Female,143.234.12.95
665,Colin,Tolworthy,ctolworthyig@biglobe.ne.jp,Male,1.108.117.179
666,Zara,Larkins,zlarkinsih@imageshack.us,Female,78.198.214.226
667,Hilary,Robyns,hrobynsii@amazonaws.com,Female,16.50.104.223
668,Leeanne,Giordano,lgiordanoij@ox.ac.uk,Female,34.207.214.120
669,Mickie,Beeke,mbeekeik@patch.com,Female,126.214.145.173
670,Nannette,Haggata,nhaggatail@china.com.cn,Female,44.84.8.147
671,Nathaniel,Birtwell,nbirtwellim@zimbio.com,Male,62.206.246.150
672,Culver,Levens,clevensin@ihg.com,Male,158.111.41.69
673,Solomon,Ivashov,sivashovio@people.com.cn,Male,39.197.92.21
674,Sandie,Stigers,sstigersip@usa.gov,Female,245.20.187.179
675,Sheree,Fanshawe,sfanshaweiq@livejournal.com,Female,131.34.117.89
676,Pepi,McSorley,pmcsorleyir@telegraph.co.uk,Female,163.122.33.168
677,Hattie,McClaughlin,hmcclaughlinis@macromedia.com,Female,103.249.169.173
678,Lilly,Stodd,lstoddit@cocolog-nifty.com,Female,246.137.125.38
679,Emmit,Ingraham,eingrahamiu@elpais.com,Male,130.249.148.70
680,Jarret,Comberbeach,jcomberbeachiv@columbia.edu,Male,199.204.87.95
681,Giorgia,Torricella,gtorricellaiw@hud.gov,Female,22.59.206.169
682,Jeff,Reinert,jreinertix@spotify.com,Male,165.231.216.137
683,Chilton,Addyman,caddymaniy@slashdot.org,Male,108.227.93.152
684,Giordano,Johnson,gjohnsoniz@simplemachines.org,Male,92.97.204.92
685,Mufi,Conkling,mconklingj0@unblog.fr,Female,50.39.209.44
686,Jervis,Crane,jcranej1@over-blog.com,Male,78.26.242.56
687,Murdock,Cornill,mcornillj2@ucsd.edu,Male,46.106.191.129
688,Sybil,Shearmer,sshearmerj3@pen.io,Female,246.28.176.35
689,Donaugh,Downton,ddowntonj4@nationalgeographic.com,Male,62.20.26.211
690,Gretta,Greder,ggrederj5@techcrunch.com,Female,28.223.233.43
691,Ferd,Shillitto,fshillittoj6@usda.gov,Male,206.172.17.64
692,Ginevra,Stroder,gstroderj7@angelfire.com,Female,151.129.69.11
693,Cristie,Onions,conionsj8@exblog.jp,Female,70.151.6.187
694,Marsh,Sanpere,msanperej9@hao123.com,Male,86.110.80.237
695,Cris,Crosskell,ccrosskellja@woothemes.com,Female,81.34.48.126
696,Cherilyn,O'Dreain,codreainjb@google.es,Female,61.165.135.179
697,Pedro,Celes,pcelesjc@webnode.com,Male,18.70.17.232
698,Deni,Keasey,dkeaseyjd@nps.gov,Female,58.123.240.219
699,Homere,Sidon,hsidonje@adobe.com,Male,21.53.254.33
700,Lewie,Layborn,llaybornjf@timesonline.co.uk,Male,107.158.181.160
701,Talyah,MacCombe,tmaccombejg@springer.com,Female,141.20.210.89
702,Juan,De Morena,jdemorenajh@microsoft.com,Male,35.103.165.226
703,Cordie,Mityakov,cmityakovji@engadget.com,Male,101.149.248.144
704,Clemmie,Seemmonds,cseemmondsjj@slashdot.org,Female,51.17.152.73
705,Maryl,Pontain,mpontainjk@xinhuanet.com,Female,181.51.90.24
706,Merill,Goodlip,mgoodlipjl@engadget.com,Male,134.61.205.57
707,Alvy,Aizlewood,aaizlewoodjm@va.gov,Male,146.108.184.215
708,Chauncey,Spykins,cspykinsjn@japanpost.jp,Male,39.168.158.155
709,Petunia,Falkner,pfalknerjo@cloudflare.com,Female,255.18.241.186
710,Swen,Jeffes,sjeffesjp@bloglovin.com,Male,199.18.165.195
711,Hestia,Wodham,hwodhamjq@themeforest.net,Female,209.40.110.126
712,Toddy,Maddyson,tmaddysonjr@oakley.com,Male,239.47.133.162
713,Franklin,Ansley,fansleyjs@creativecommons.org,Male,71.12.211.199
714,Prisca,Mettrick,pmettrickjt@sourceforge.net,Female,128.136.123.108
715,Chevy,Jagson,cjagsonju@reverbnation.com,Male,93.192.109.241
716,Tedman,Sloam,tsloamjv@fema.gov,Male,32.222.226.223
717,Maura,Morigan,mmoriganjw@yale.edu,Female,6.16.204.15
718,Waiter,Silbermann,wsilbermannjx@techcrunch.com,Male,43.124.6.232
719,Rolfe,Bycraft,rbycraftjy@istockphoto.com,Male,114.160.50.155
720,Todd,Lakey,tlakeyjz@google.cn,Male,232.173.184.222
721,Felicdad,Kyberd,fkyberdk0@artisteer.com,Female,16.42.56.221
722,Koren,Spenton,kspentonk1@ameblo.jp,Female,33.93.137.40
723,Tonie,Jephcote,tjephcotek2@topsy.com,Female,199.156.247.177
724,Nicole,Grewcock,ngrewcockk3@reddit.com,Female,16.59.120.223
725,Shelby,Vinas,svinask4@ucsd.edu,Male,93.81.48.194
726,Kippy,Ivashkin,kivashkink5@bravesites.com,Female,225.35.201.225
727,Cissy,Reddish,creddishk6@merriam-webster.com,Female,66.33.52.91
728,Auberon,Biggam,abiggamk7@shinystat.com,Male,78.157.29.130
729,Sarah,Soot,ssootk8@ameblo.jp,Female,228.58.13.183
730,Miner,Dearlove,mdearlovek9@virginia.edu,Male,69.143.249.86
731,Pancho,Sapsford,psapsfordka@wikimedia.org,Male,6.20.189.197
732,Royall,Cordrey,rcordreykb@tuttocitta.it,Male,255.131.73.172
733,Holt,Vaskov,hvaskovkc@mtv.com,Male,218.235.129.175
734,Arlen,Goodin,agoodinkd@homestead.com,Male,12.144.173.140
735,Jojo,Housley,jhousleyke@comsenz.com,Female,211.95.47.53
736,Annalee,Hartwell,ahartwellkf@lycos.com,Female,187.177.179.250
737,Rene,Bluschke,rbluschkekg@bravesites.com,Male,198.46.248.177
738,Kermy,Butterworth,kbutterworthkh@so-net.ne.jp,Male,36.48.108.143
739,Hilarius,Clackson,hclacksonki@answers.com,Male,40.163.222.234
740,Loleta,Smallpiece,lsmallpiecekj@comsenz.com,Female,66.126.121.250
741,Caspar,Isgate,cisgatekk@ucla.edu,Male,68.143.193.186
742,Celestia,Pauel,cpauelkl@issuu.com,Female,102.188.52.154
743,Laney,Bareford,lbarefordkm@spiegel.de,Male,167.196.76.34
744,Aldin,Mewett,amewettkn@ucoz.ru,Male,110.188.65.106
745,Myles,Ockland,mocklandko@parallels.com,Male,55.169.192.42
746,Morlee,Pirnie,mpirniekp@wikia.com,Male,74.236.3.51
747,Dori,Stranieri,dstranierikq@abc.net.au,Female,125.176.252.53
748,Margalo,Absolem,mabsolemkr@imgur.com,Female,74.169.231.65
749,Griz,Minelli,gminelliks@weibo.com,Male,215.6.180.19
750,Trent,Mumby,tmumbykt@google.ca,Male,41.12.102.255
751,Sky,Bapty,sbaptyku@sbwire.com,Male,139.239.175.88
752,Dun,Tunno,dtunnokv@guardian.co.uk,Male,40.56.246.84
753,Wainwright,Harnett,wharnettkw@miibeian.gov.cn,Male,145.157.87.194
754,Catlin,Brewett,cbrewettkx@pen.io,Female,203.244.229.247
755,Bil,Ruste,brusteky@weibo.com,Male,173.182.26.41
756,Janka,Rahill,jrahillkz@diigo.com,Female,241.211.104.210
757,Alisun,Pennuzzi,apennuzzil0@latimes.com,Female,9.16.156.66
758,Lucia,Banbrick,lbanbrickl1@de.vu,Female,210.206.64.146
759,Kirsteni,Frounks,kfrounksl2@fotki.com,Female,130.137.200.255
760,Jaye,Normandale,jnormandalel3@bloomberg.com,Male,12.125.182.57
761,Clayson,Bachelar,cbachelarl4@tripod.com,Male,1.27.103.80
762,Noelle,Cicullo,ncicullol5@globo.com,Female,37.239.47.244
763,Olly,Twidell,otwidelll6@cbc.ca,Female,10.95.197.126
764,Josephina,Gorman,jgormanl7@odnoklassniki.ru,Female,166.48.121.194
765,Zackariah,Meriguet,zmeriguetl8@prlog.org,Male,49.178.115.247
766,Sianna,Rosencrantz,srosencrantzl9@lulu.com,Female,119.164.76.177
767,Radcliffe,Dominey,rdomineyla@hibu.com,Male,191.69.80.91
768,Shawna,Vasyagin,svasyaginlb@naver.com,Female,3.83.245.108
769,Elisabetta,Deverell,edeverelllc@icq.com,Female,165.121.95.169
770,Fin,Burdekin,fburdekinld@nationalgeographic.com,Male,157.230.151.110
771,Win,Dedam,wdedamle@typepad.com,Male,178.58.254.208
772,Gene,Lippi,glippilf@ow.ly,Female,157.34.53.53
773,Niles,Sapp,nsapplg@bizjournals.com,Male,234.22.104.86
774,Skell,Degg,sdegglh@webnode.com,Male,28.153.155.126
775,Heriberto,Dast,hdastli@wikimedia.org,Male,122.108.141.128
776,Winn,Capponer,wcapponerlj@cyberchimps.com,Male,215.80.111.175
777,Addi,Vanner,avannerlk@princeton.edu,Female,12.125.18.93
778,Christel,Barley,cbarleyll@buzzfeed.com,Female,83.13.223.155
779,Rabbi,Fallis,rfallislm@mozilla.com,Male,181.29.55.239
780,Emmalynne,Black,eblackln@hud.gov,Female,175.219.149.198
781,Vonny,Fronzek,vfronzeklo@t.co,Female,158.242.3.231
782,Alexia,Woodwind,awoodwindlp@reuters.com,Female,34.184.80.87
783,Gretta,Debell,gdebelllq@scientificamerican.com,Female,89.118.193.210
784,Jeniffer,Legan,jleganlr@amazonaws.com,Female,125.93.213.205
785,Christopher,Sharple,csharplels@bluehost.com,Male,236.154.113.100
786,Malena,Yantsurev,myantsurevlt@cloudflare.com,Female,228.81.71.67
787,Bogart,Licari,blicarilu@yahoo.com,Male,50.9.73.14
788,Farah,Hartwell,fhartwelllv@shutterfly.com,Female,190.96.214.223
789,Tommi,Symms,tsymmslw@weebly.com,Female,255.128.124.78
790,Ignacio,Roz,irozlx@geocities.com,Male,28.146.133.103
791,Perren,Slainey,pslaineyly@nyu.edu,Male,199.220.9.18
792,Ty,Harburtson,tharburtsonlz@livejournal.com,Male,82.96.18.43
793,Cole,Abramovicz,cabramoviczm0@gov.uk,Male,211.240.200.68
794,Rafael,Emanson,remansonm1@nydailynews.com,Male,215.45.125.19
795,Tania,Bromage,tbromagem2@yahoo.co.jp,Female,224.155.172.194
796,Kaylee,Bennetts,kbennettsm3@vkontakte.ru,Female,183.118.148.56
797,Revkah,McGavin,rmcgavinm4@mlb.com,Female,176.63.102.155
798,Rick,Gwilt,rgwiltm5@economist.com,Male,67.234.39.16
799,Anthia,Prin,aprinm6@marriott.com,Female,237.47.100.183
800,Cammi,Walsh,cwalshm7@marriott.com,Female,50.27.86.222
801,Kahlil,Davion,kdavionm8@ox.ac.uk,Male,87.128.219.52
802,Aurora,Joiner,ajoinerm9@indiegogo.com,Female,255.11.45.227
803,Virgie,Stogill,vstogillma@jimdo.com,Male,199.118.48.21
804,Jamima,Balhatchet,jbalhatchetmb@comcast.net,Female,227.180.152.78
805,Ryley,Arber,rarbermc@ft.com,Male,198.5.56.230
806,Moselle,O'Brien,mobrienmd@stumbleupon.com,Female,240.63.114.6
807,Denni,Agett,dagettme@dailymotion.com,Female,194.12.101.191
808,Ivonne,Illwell,iillwellmf@nyu.edu,Female,40.240.246.223
809,Roman,Jorioz,rjoriozmg@pcworld.com,Male,175.255.45.204
810,Etta,Runcieman,erunciemanmh@intel.com,Female,111.202.130.111
811,Gerianne,Hankard,ghankardmi@tinypic.com,Female,0.168.59.135
812,Connor,Kopp,ckoppmj@tripod.com,Male,218.112.23.125
813,Westleigh,Axelbee,waxelbeemk@state.tx.us,Male,9.68.91.138
814,Clim,Butterfint,cbutterfintml@geocities.com,Male,223.0.4.28
815,Lucila,Artharg,larthargmm@macromedia.com,Female,74.48.97.184
816,Zach,Wyllcock,zwyllcockmn@odnoklassniki.ru,Male,60.105.229.167
817,Prentiss,Newlands,pnewlandsmo@hao123.com,Male,11.144.178.88
818,Laurent,Shapero,lshaperomp@multiply.com,Male,70.159.52.115
819,Gardie,Vale,gvalemq@sina.com.cn,Male,84.140.252.238
820,Roderick,Paish,rpaishmr@tripadvisor.com,Male,199.99.88.84
821,Ava,McCleod,amccleodms@edublogs.org,Female,135.250.173.171
822,Orland,Olley,oolleymt@google.com.au,Male,90.215.207.230
823,Gallard,Remirez,gremirezmu@altervista.org,Male,206.226.45.160
824,Suzette,Signori,ssignorimv@illinois.edu,Female,239.218.26.43
825,Bertie,Orwin,borwinmw@webs.com,Female,21.192.114.87
826,Lane,Detoile,ldetoilemx@usa.gov,Female,55.210.232.32
827,Erminia,Pilmoor,epilmoormy@ucsd.edu,Female,202.139.231.69
828,Sullivan,Bennet,sbennetmz@hc360.com,Male,213.195.76.158
829,Massimiliano,De Biaggi,mdebiaggin0@aol.com,Male,193.180.22.41
830,Aldous,Morby,amorbyn1@plala.or.jp,Male,1.113.67.44
831,Dick,Giannazzi,dgiannazzin2@prlog.org,Male,226.60.136.227
832,Spence,Onslow,sonslown3@360.cn,Male,85.30.177.106
833,Jo-anne,Dreher,jdrehern4@indiatimes.com,Female,69.164.15.128
834,Hortensia,Lynam,hlynamn5@prnewswire.com,Female,199.154.160.48
835,Arleta,Sheerman,asheermann6@kickstarter.com,Female,61.177.71.175
836,Fax,Dyne,fdynen7@msn.com,Male,216.221.94.201
837,John,Bensen,jbensenn8@hud.gov,Male,55.222.40.17
838,Nowell,Garrold,ngarroldn9@diigo.com,Male,18.219.235.201
839,Burch,Gascoyen,bgascoyenna@webmd.com,Male,68.152.149.155
840,Ephrem,Isacke,eisackenb@free.fr,Male,213.79.179.245
841,Janna,Alebrooke,jalebrookenc@homestead.com,Female,253.144.87.117
842,Gottfried,Galland,ggallandnd@wordpress.org,Male,131.118.138.213
843,Gunar,Bostick,gbostickne@msu.edu,Male,208.44.215.36
844,Wallie,While,wwhilenf@addthis.com,Male,31.36.121.85
845,Sheffy,Klejna,sklejnang@qq.com,Male,80.213.7.116
846,See,Fincher,sfinchernh@blinklist.com,Male,199.96.242.171
847,Renaud,Towersey,rtowerseyni@ihg.com,Male,107.190.161.240
848,Frederich,Colleford,fcollefordnj@yale.edu,Male,248.243.3.91
849,Maurise,Harrold,mharroldnk@hatena.ne.jp,Male,43.158.159.125
850,Leeanne,Shoebridge,lshoebridgenl@java.com,Female,177.179.160.95
851,Layney,Cancellor,lcancellornm@dailymail.co.uk,Female,87.163.68.126
852,Regen,Medlin,rmedlinnn@smh.com.au,Male,26.250.250.92
853,Orin,Mallam,omallamno@friendfeed.com,Male,186.97.164.187
854,Cecilla,Librey,clibreynp@indiatimes.com,Female,37.108.201.135
855,Shaylynn,Domke,sdomkenq@toplist.cz,Female,38.151.234.70
856,Ede,Shimony,eshimonynr@economist.com,Female,61.155.247.82
857,Kata,Quinn,kquinnns@scientificamerican.com,Female,113.67.42.213
858,Chrissie,Jozefczak,cjozefczaknt@4shared.com,Male,189.250.22.191
859,Clea,Hallin,challinnu@unblog.fr,Female,10.32.181.245
860,Portie,Lobley,plobleynv@clickbank.net,Male,130.220.10.254
861,Vyky,Reddell,vreddellnw@reuters.com,Female,161.18.93.225
862,Leigh,Pettecrew,lpettecrewnx@walmart.com,Female,63.145.249.174
863,Reilly,Pocknoll,rpocknollny@elegantthemes.com,Male,209.63.58.152
864,Lemmy,Danielut,ldanielutnz@smh.com.au,Male,29.17.143.49
865,Isa,Jorden,ijordeno0@macromedia.com,Male,68.27.4.115
866,Hercules,Burness,hburnesso1@amazonaws.com,Male,63.115.135.104
867,Nickie,Munt,nmunto2@about.com,Male,233.183.4.239
868,Jarrid,Weadick,jweadicko3@globo.com,Male,60.104.161.24
869,Joseito,Dorrell,jdorrello4@biglobe.ne.jp,Male,46.152.71.44
870,Nikos,Mc Comb,nmccombo5@devhub.com,Male,66.250.81.20
871,Cynthia,Aleevy,caleevyo6@photobucket.com,Female,208.190.135.69
872,Aubry,Dunning,adunningo7@cnn.com,Female,43.178.19.193
873,Jakie,Blunsden,jblunsdeno8@zdnet.com,Male,146.211.158.255
874,Timmie,Middup,tmiddupo9@scribd.com,Male,243.29.15.131
875,Moina,McNeil,mmcneiloa@timesonline.co.uk,Female,175.36.184.124
876,Danielle,Rabley,drableyob@goodreads.com,Female,204.208.21.172
877,Reese,Nisuis,rnisuisoc@smh.com.au,Male,39.102.137.251
878,Romy,Offin,roffinod@wikimedia.org,Female,103.147.213.215
879,Lucy,MacDaid,lmacdaidoe@desdev.cn,Female,19.47.206.228
880,Godfrey,De Michele,gdemicheleof@uol.com.br,Male,253.241.63.235
881,Kaia,Padbury,kpadburyog@pagesperso-orange.fr,Female,222.201.178.170
882,Benjamen,Allery,balleryoh@ox.ac.uk,Male,192.199.123.50
883,Cornie,Witherspoon,cwitherspoonoi@techcrunch.com,Female,115.192.137.132
884,Magdalene,Jeduch,mjeduchoj@cnbc.com,Female,161.188.61.31
885,Dareen,Minico,dminicook@livejournal.com,Female,215.29.223.224
886,Krystalle,MacSkeagan,kmacskeaganol@gov.uk,Female,15.15.255.8
887,Beret,Cheetam,bcheetamom@mashable.com,Female,4.8.37.231
888,Cosmo,McGinney,cmcginneyon@t-online.de,Male,180.109.151.195
889,Fons,Denge,fdengeoo@cyberchimps.com,Male,186.108.40.140
890,Alayne,Novotne,anovotneop@amazon.co.jp,Female,31.248.44.184
891,Skelly,Di Boldi,sdiboldioq@ucoz.com,Male,89.36.149.109
892,Karry,Darrel,kdarrelor@psu.edu,Female,5.60.101.88
893,Stafford,Scranedge,sscranedgeos@so-net.ne.jp,Male,7.247.215.153
894,Blake,Iremonger,biremongerot@soundcloud.com,Female,57.81.152.213
895,Elsa,Linneman,elinnemanou@mapy.cz,Female,132.224.158.52
896,Emmie,Burwin,eburwinov@infoseek.co.jp,Female,99.168.5.138
897,Natividad,Croux,ncrouxow@weibo.com,Female,238.249.179.69
898,Dahlia,holmes,dholmesox@symantec.com,Female,91.145.89.174
899,Redford,Breinl,rbreinloy@dion.ne.jp,Male,164.54.81.114
900,Theo,Hugnin,thugninoz@samsung.com,Female,239.182.244.247
901,Major,Josskowitz,mjosskowitzp0@wordpress.com,Male,152.60.145.208
902,Ava,Debney,adebneyp1@psu.edu,Female,198.162.193.113
903,Winny,Guiton,wguitonp2@slideshare.net,Female,226.162.23.139
904,Tremain,Piddington,tpiddingtonp3@altervista.org,Male,15.113.223.249
905,Desirae,Klementz,dklementzp4@smugmug.com,Female,27.69.32.116
906,Devy,Bertie,dbertiep5@sciencedaily.com,Male,13.26.131.254
907,Davey,Troake,dtroakep6@wix.com,Male,113.231.244.147
908,Dieter,MacArd,dmacardp7@google.de,Male,104.173.64.248
909,Dionne,Keele,dkeelep8@twitter.com,Female,236.104.219.22
910,Mil,Pickle,mpicklep9@prweb.com,Female,143.125.104.152
911,Jeremie,Farmar,jfarmarpa@ed.gov,Male,218.178.231.229
912,Link,Armour,larmourpb@blogspot.com,Male,74.192.228.78
913,Amalee,Lefwich,alefwichpc@reference.com,Female,9.32.64.115
914,Blake,Cancutt,bcancuttpd@gmpg.org,Female,10.254.84.159
915,Ham,Gristhwaite,hgristhwaitepe@bravesites.com,Male,7.161.220.118
916,Karen,Laweles,klawelespf@nymag.com,Female,122.187.56.177
917,Lenna,Rangeley,lrangeleypg@sitemeter.com,Female,69.222.22.51
918,Maddy,Gartenfeld,mgartenfeldph@msu.edu,Female,180.52.0.12
919,Lyda,Webb,lwebbpi@salon.com,Female,114.157.108.84
920,Diandra,Pickburn,dpickburnpj@columbia.edu,Female,88.114.155.40
921,Erskine,Feak,efeakpk@wiley.com,Male,50.62.130.250
922,Lyndell,Jewis,ljewispl@europa.eu,Female,38.140.148.129
923,Mendie,Flattman,mflattmanpm@cloudflare.com,Male,195.92.94.133
924,Wayne,Peniello,wpeniellopn@whitehouse.gov,Male,146.180.82.146
925,Lisbeth,Handrahan,lhandrahanpo@cnn.com,Female,55.154.86.3
926,Sax,Waggitt,swaggittpp@yelp.com,Male,167.239.126.108
927,Eda,Rackham,erackhampq@epa.gov,Female,1.248.88.173
928,Suzi,Hercock,shercockpr@theglobeandmail.com,Female,63.217.134.199
929,Madelyn,Pawelke,mpawelkeps@360.cn,Female,112.237.115.74
930,Mellie,Powell,mpowellpt@usgs.gov,Female,188.202.92.40
931,Salvidor,Valsler,svalslerpu@simplemachines.org,Male,218.8.140.230
932,Sylvia,Yerson,syersonpv@ihg.com,Female,178.138.22.88
933,Maurene,Betjeman,mbetjemanpw@hubpages.com,Female,124.111.72.215
934,Harman,Claque,hclaquepx@kickstarter.com,Male,67.27.152.92
935,Brant,Kielty,bkieltypy@dedecms.com,Male,77.108.11.143
936,Casper,Penniell,cpenniellpz@ucsd.edu,Male,60.24.82.128
937,Georgy,Bricket,gbricketq0@google.com.au,Male,206.113.97.99
938,Sheeree,Wrathmell,swrathmellq1@yolasite.com,Female,24.107.169.149
939,Imelda,Harley,iharleyq2@sourceforge.net,Female,111.151.33.232
940,Derick,Strickland,dstricklandq3@goo.ne.jp,Male,215.10.121.182
941,Jasmine,Bacup,jbacupq4@theatlantic.com,Female,108.244.147.224
942,Godfree,Devanny,gdevannyq5@mit.edu,Male,81.127.230.212
943,Herman,Coat,hcoatq6@alexa.com,Male,37.93.234.232
944,Maddy,Neilly,mneillyq7@google.com.au,Male,110.47.142.52
945,Huntlee,Dilston,hdilstonq8@1und1.de,Male,192.254.224.206
946,Aldwin,Broadbury,abroadburyq9@shareasale.com,Male,131.157.166.242
947,Jacquenetta,Eynaud,jeynaudqa@meetup.com,Female,212.134.242.142
948,Paulie,Cant,pcantqb@businesswire.com,Male,63.241.29.201
949,Hedvige,Wainscot,hwainscotqc@shareasale.com,Female,172.157.157.106
950,Donielle,Briston,dbristonqd@godaddy.com,Female,179.229.176.20
951,Mirella,Grovier,mgrovierqe@mediafire.com,Female,172.19.98.92
952,Candida,Gawthorp,cgawthorpqf@mysql.com,Female,174.249.140.26
953,Tonye,Battams,tbattamsqg@vinaora.com,Female,79.19.36.29
954,Ian,Boddy,iboddyqh@free.fr,Male,229.187.83.164
955,Judas,California,jcaliforniaqi@sina.com.cn,Male,122.90.228.194
956,Hilario,Vowdon,hvowdonqj@surveymonkey.com,Male,228.12.25.163
957,Marlowe,Camies,mcamiesqk@go.com,Male,203.171.175.95
958,Currie,Keford,ckefordql@amazon.co.jp,Male,114.111.168.56
959,Morse,McCrow,mmccrowqm@microsoft.com,Male,251.205.106.92
960,Meredith,Laffoley-Lane,mlaffoleylaneqn@chron.com,Female,107.94.178.37
961,Mathian,Barthrop,mbarthropqo@slideshare.net,Male,184.239.232.59
962,Chadwick,Selwyn,cselwynqp@4shared.com,Male,209.29.72.239
963,Cristal,Abramsky,cabramskyqq@devhub.com,Female,67.87.46.23
964,Cathi,Key,ckeyqr@addtoany.com,Female,137.149.195.174
965,Dorothea,Partridge,dpartridgeqs@ox.ac.uk,Female,38.131.216.93
966,Redd,Autin,rautinqt@si.edu,Male,191.93.139.247
967,Dugald,Skatcher,dskatcherqu@feedburner.com,Male,222.0.102.212
968,Meggy,Shildrake,mshildrakeqv@altervista.org,Female,131.36.130.111
969,Aluino,De Hailes,adehailesqw@scribd.com,Male,132.247.70.19
970,Burk,Mancer,bmancerqx@hubpages.com,Male,65.244.102.66
971,Patrick,Leaburn,pleaburnqy@salon.com,Male,63.179.27.75
972,Gilberta,Desantis,gdesantisqz@latimes.com,Female,221.61.68.115
973,Cammie,Semorad,csemoradr0@cbsnews.com,Female,230.39.90.172
974,Ruby,Lacrouts,rlacroutsr1@tuttocitta.it,Male,217.98.209.140
975,Granny,Izakoff,gizakoffr2@mozilla.com,Male,199.41.80.112
976,Mattias,Sprionghall,msprionghallr3@rediff.com,Male,76.74.40.21
977,Maxi,MacLardie,mmaclardier4@fema.gov,Female,177.192.110.230
978,Kynthia,Lineen,klineenr5@businesswire.com,Female,16.250.230.73
979,Syd,Idenden,sidendenr6@ocn.ne.jp,Male,49.91.74.77
980,Barret,Brockington,bbrockingtonr7@vimeo.com,Male,114.200.48.145
981,Hilario,Doberer,hdobererr8@phoca.cz,Male,56.235.75.22
982,Raimundo,Torfin,rtorfinr9@nbcnews.com,Male,180.211.112.208
983,Dian,Lanphier,dlanphierra@odnoklassniki.ru,Female,224.124.220.3
984,Francois,Kellitt,fkellittrb@archive.org,Male,174.122.82.5
985,Siobhan,Hawkeswood,shawkeswoodrc@theatlantic.com,Female,117.232.207.93
986,Amara,Donnersberg,adonnersbergrd@cdc.gov,Female,88.3.122.208
987,Derrek,Meldon,dmeldonre@google.nl,Male,74.221.202.173
988,Hazel,Gobel,hgobelrf@flavors.me,Female,149.138.166.147
989,Dill,Bhatia,dbhatiarg@cloudflare.com,Male,29.238.100.133
990,Mandie,Mellers,mmellersrh@nyu.edu,Female,126.137.242.254
991,Frederic,Loader,floaderri@china.com.cn,Male,44.99.127.2
992,Inge,Pryor,ipryorrj@desdev.cn,Female,254.121.75.149
993,Perry,Cleve,pcleverk@about.com,Female,25.53.153.132
994,Christian,Hindenburg,chindenburgrl@ftc.gov,Female,255.91.60.252
995,Broderick,Hebble,bhebblerm@ustream.tv,Male,74.17.159.169
996,Bunni,Castagnone,bcastagnonern@va.gov,Female,66.45.16.101
997,Jareb,Bebbington,jbebbingtonro@hostgator.com,Male,161.233.37.58
998,Madella,Christoffels,mchristoffelsrp@amazon.co.jp,Female,77.83.226.236
999,Mal,Hover,mhoverrq@time.com,Male,96.147.79.226
1000,Casey,Rendall,crendallrr@weibo.com,Male,201.54.59.25
