id,first_name,last_name,email
1,Veronica,Dulton,vdulton0@biblegateway.com
2,Joann,Burbidge,jburbidge1@123-reg.co.uk
3,Vikky,Dryburgh,vdryburgh2@marriott.com
4,Dominic,Oakman,doakman3@acquirethisname.com
5,Audie,McKain,amckain4@jugem.jp
6,Rhiamon,Stuckes,rstuckes5@wsj.com
7,Gratia,Laister,glaister6@ovh.net
8,Elinore,Britian,ebritian7@umich.edu
9,Corbie,Wadeson,cwadeson8@vinaora.com
10,Josefa,Quested,jquested9@alexa.com
11,Isahella,Dimblebee,idimblebeea@prweb.com
12,Clair,Dolligon,cdolligonb@dyndns.org
13,Tommi,Dovidian,tdovidianc@nba.com
14,Far,Kenafaque,fkenafaqued@salon.com
15,Broddy,Wehner,bwehnere@prweb.com
16,Dorette,Crew,dcrewf@blogs.com
17,Atlanta,Batterson,abattersong@vkontakte.ru
18,Alida,Ivankovic,aivankovich@123-reg.co.uk
19,Christoph,Pilpovic,cpilpovici@mail.ru
20,Coral,Stuffins,cstuffinsj@freewebs.com
21,Salim,Whilder,swhilderk@wordpress.org
22,Loraine,Martynikhin,lmartynikhinl@nbcnews.com
23,Terrill,Decent,tdecentm@umich.edu
24,Kesley,Crichton,kcrichtonn@ucoz.com
25,Penny,Onthank,ponthanko@jimdo.com
26,Ethelda,Gittoes,egittoesp@opera.com
27,Goldy,Catton,gcattonq@opensource.org
28,Rene,Narramor,rnarramorr@jiathis.com
29,Reed,Sands,rsandss@pbs.org
30,Melvyn,Jakubovicz,mjakuboviczt@wikia.com
31,Robinette,Ricardet,rricardetu@alibaba.com
32,Stormie,Gallon,sgallonv@delicious.com
33,Noam,Dibdin,ndibdinw@gov.uk
34,Corbin,Rosenboim,crosenboimx@nbcnews.com
35,Earvin,Brauner,ebraunery@abc.net.au
36,Garwood,Metzel,gmetzelz@google.ru
37,Joannes,Morfield,jmorfield10@craigslist.org
38,Tyne,Di Filippo,tdifilippo11@symantec.com
39,Demetrius,Frodsham,dfrodsham12@narod.ru
40,Perla,McBoyle,pmcboyle13@cyberchimps.com
41,Esther,Davidovics,edavidovics14@mit.edu
42,Sallie,Hartfleet,shartfleet15@lulu.com
43,Giselle,Chandlar,gchandlar16@goodreads.com
44,Gary,MacAndreis,gmacandreis17@multiply.com
45,Dolley,Zanettini,dzanettini18@privacy.gov.au
46,Loria,Grimsdike,lgrimsdike19@census.gov
47,Marlon,Pane,mpane1a@4shared.com
48,Anet,Jorck,ajorck1b@studiopress.com
49,Brendis,Thurling,bthurling1c@infoseek.co.jp
50,Loralie,Paddeley,lpaddeley1d@parallels.com
51,Albertine,Hedden,ahedden1e@toplist.cz
52,Shara,Conor,sconor1f@google.it
53,Greg,Baldick,gbaldick1g@reuters.com
54,Eada,Done,edone1h@stumbleupon.com
55,Renata,Bembrigg,rbembrigg1i@technorati.com
56,Orren,Lowers,olowers1j@123-reg.co.uk
57,Cherish,Bollin,cbollin1k@ca.gov
58,Arlee,Gilligan,agilligan1l@printfriendly.com
59,Freddie,Mintoft,fmintoft1m@github.io
60,Rand,Feyer,rfeyer1n@cdbaby.com
61,Adolpho,Lapwood,alapwood1o@slashdot.org
62,Irene,Kerin,ikerin1p@hibu.com
63,Ambur,Rickardsson,arickardsson1q@dailymotion.com
64,Adelbert,Callacher,acallacher1r@mac.com
65,Meris,Gooday,mgooday1s@quantcast.com
66,Carmine,Paulusch,cpaulusch1t@pinterest.com
67,Sayer,Willson,swillson1u@narod.ru
68,Krystyna,Endle,kendle1v@nature.com
69,Emogene,Eagan,eeagan1w@4shared.com
70,Ermanno,O'Siaghail,eosiaghail1x@cloudflare.com
71,Field,Hagard,fhagard1y@fc2.com
72,Alastair,Skirven,askirven1z@scribd.com
73,Edik,Heller,eheller20@wordpress.org
74,Bennett,Sandilands,bsandilands21@quantcast.com
75,Arda,Reignould,areignould22@eepurl.com
76,Oliy,Cammomile,ocammomile23@netscape.com
77,Elise,Orpwood,eorpwood24@upenn.edu
78,Ardine,Aronowitz,aaronowitz25@nih.gov
79,Sammy,Dameisele,sdameisele26@usatoday.com
80,Ryley,Wyldes,rwyldes27@apple.com
81,Amos,Quickenden,aquickenden28@mashable.com
82,Vernon,Messham,vmessham29@wikia.com
83,Parrnell,Gatcliff,pgatcliff2a@chronoengine.com
84,Rupert,Borleace,rborleace2b@biglobe.ne.jp
85,Hebert,Laffoley-Lane,hlaffoleylane2c@infoseek.co.jp
86,Giacobo,Alderwick,galderwick2d@fc2.com
87,Lyndsey,Stote,lstote2e@gravatar.com
88,Carolina,Grinyer,cgrinyer2f@com.com
89,Anselm,Muscott,amuscott2g@howstuffworks.com
90,Rosana,Loyd,rloyd2h@home.pl
91,Jessika,Etchingham,jetchingham2i@pcworld.com
92,Blair,Brundale,bbrundale2j@guardian.co.uk
93,Elga,Giorgiutti,egiorgiutti2k@constantcontact.com
94,Carmelina,Skip,cskip2l@baidu.com
95,Oneida,Burniston,oburniston2m@nydailynews.com
96,Janis,Birdwistle,jbirdwistle2n@com.com
97,Wynne,Seacroft,wseacroft2o@csmonitor.com
98,Boris,Pandey,bpandey2p@icio.us
99,Lena,Allner,lallner2q@themeforest.net
100,Rebe,Guildford,rguildford2r@creativecommons.org
101,Jewell,Maplesden,jmaplesden2s@wordpress.com
102,Belva,Petrelluzzi,bpetrelluzzi2t@google.de
103,Kora,Whiffen,kwhiffen2u@cornell.edu
104,Dionis,Ghidoli,dghidoli2v@foxnews.com
105,Flossi,Muxworthy,fmuxworthy2w@pagesperso-orange.fr
106,Antoinette,Lawden,alawden2x@senate.gov
107,Meryl,Finder,mfinder2y@blogger.com
108,Bobby,Pearce,bpearce2z@zimbio.com
109,Ranee,Wilsone,rwilsone30@wsj.com
110,Perrine,Beseke,pbeseke31@answers.com
111,Cobbie,Povele,cpovele32@un.org
112,Jeanette,Sparks,jsparks33@imdb.com
113,Marta,Backshaw,mbackshaw34@ifeng.com
114,Karleen,Atley,katley35@hugedomains.com
115,Sean,Rizzelli,srizzelli36@free.fr
116,Barbabra,Clorley,bclorley37@cmu.edu
117,Thaddus,Siggin,tsiggin38@4shared.com
118,Minne,Caldes,mcaldes39@webnode.com
119,Emlynne,Aspel,easpel3a@ameblo.jp
120,Jedd,Impy,jimpy3b@youtu.be
121,Gianni,Stockill,gstockill3c@posterous.com
122,Rochette,Ewols,rewols3d@irs.gov
123,Karole,Vallery,kvallery3e@list-manage.com
124,Any,Whitefoot,awhitefoot3f@usa.gov
125,Linda,Kivits,lkivits3g@wunderground.com
126,Berti,Rowthorne,browthorne3h@blogspot.com
127,Lurette,Jemmison,ljemmison3i@printfriendly.com
128,Carmine,Pennycuick,cpennycuick3j@nhs.uk
129,Cordy,Clilverd,cclilverd3k@tripadvisor.com
130,Berni,Tabour,btabour3l@google.it
131,Ephrem,Style,estyle3m@dell.com
132,Gustaf,Van der Brugge,gvanderbrugge3n@newsvine.com
133,Hermy,Pendlington,hpendlington3o@de.vu
134,Demetrius,Lovstrom,dlovstrom3p@microsoft.com
135,Burk,Shaul,bshaul3q@google.es
136,Georgy,Bezarra,gbezarra3r@barnesandnoble.com
137,Curtis,Coote,ccoote3s@salon.com
138,Stella,Criag,scriag3t@blogger.com
139,Dud,Paridge,dparidge3u@usda.gov
140,Aleece,Bernardo,abernardo3v@rediff.com
141,Wren,Galia,wgalia3w@stanford.edu
142,Jack,Wiggins,jwiggins3x@scientificamerican.com
143,Stacy,Saw,ssaw3y@csmonitor.com
144,Jobina,Mournian,jmournian3z@sohu.com
145,Ringo,Arling,rarling40@oaic.gov.au
146,Ellsworth,Romme,eromme41@geocities.com
147,Kimble,Temple,ktemple42@nature.com
148,Alon,Boston,aboston43@illinois.edu
149,Barbra,Mulholland,bmulholland44@friendfeed.com
150,Shandra,Ruggs,sruggs45@vkontakte.ru
151,Cirilo,Obern,cobern46@npr.org
152,Nate,Crates,ncrates47@apache.org
153,Chery,Helliker,chelliker48@intel.com
154,Sarette,Lomansey,slomansey49@sfgate.com
155,Netta,Melling,nmelling4a@sogou.com
156,Nehemiah,Horney,nhorney4b@is.gd
157,Julee,Hartnup,jhartnup4c@mayoclinic.com
158,Sanson,Bondley,sbondley4d@arstechnica.com
159,Aila,Dickons,adickons4e@tripod.com
160,Melony,Giraudou,mgiraudou4f@sohu.com
161,Olivero,Camacke,ocamacke4g@jimdo.com
162,Kirby,Medcalf,kmedcalf4h@google.cn
163,Jemima,Adriaan,jadriaan4i@miibeian.gov.cn
164,Luz,Butland,lbutland4j@loc.gov
165,Hastings,Wherrit,hwherrit4k@ihg.com
166,Any,Heustice,aheustice4l@ezinearticles.com
167,Rosy,Norwell,rnorwell4m@hugedomains.com
168,Sandra,Hebburn,shebburn4n@seesaa.net
169,Kath,Rillatt,krillatt4o@hostgator.com
170,Korry,Sibbson,ksibbson4p@japanpost.jp
171,Arda,Muckersie,amuckersie4q@last.fm
172,Meyer,MacCallam,mmaccallam4r@addthis.com
173,Rafa,Blaw,rblaw4s@behance.net
174,Veriee,Lorraine,vlorraine4t@imgur.com
175,Wyatt,Oxford,woxford4u@economist.com
176,Neile,Reddell,nreddell4v@bigcartel.com
177,Brad,Buzek,bbuzek4w@histats.com
178,Bronson,Harridge,bharridge4x@jimdo.com
179,Nikola,Verlinde,nverlinde4y@disqus.com
180,Nadeen,Forrestill,nforrestill4z@theatlantic.com
181,Faun,Bartolomivis,fbartolomivis50@bravesites.com
182,Ania,Cutsforth,acutsforth51@mediafire.com
183,Belle,Charkham,bcharkham52@google.fr
184,Thibaut,Hamlyn,thamlyn53@hostgator.com
185,Florian,Slatter,fslatter54@ca.gov
186,Caritta,Pullan,cpullan55@photobucket.com
187,Zebulon,Petrov,zpetrov56@intel.com
188,Jared,Parkyn,jparkyn57@godaddy.com
189,Vitia,Devitt,vdevitt58@ft.com
190,Chariot,Trehearne,ctrehearne59@plala.or.jp
191,Carmen,Gossage,cgossage5a@bravesites.com
192,Moishe,Selwyn,mselwyn5b@dropbox.com
193,Demetris,Hutchings,dhutchings5c@sphinn.com
194,Anastasie,Johnys,ajohnys5d@tmall.com
195,Rodger,Swansbury,rswansbury5e@kickstarter.com
196,Hercule,Spileman,hspileman5f@friendfeed.com
197,Marin,Agius,magius5g@blog.com
198,Clywd,Marland,cmarland5h@livejournal.com
199,Ilene,O' Markey,iomarkey5i@yahoo.co.jp
200,Mathias,Wellum,mwellum5j@hubpages.com
201,Cathleen,Itscowics,citscowics5k@irs.gov
202,Malorie,MacCallam,mmaccallam5l@businessinsider.com
203,Boyd,Pairpoint,bpairpoint5m@pagesperso-orange.fr
204,Red,Abella,rabella5n@goo.ne.jp
205,Elli,McLauchlin,emclauchlin5o@bluehost.com
206,Rozella,Henken,rhenken5p@adobe.com
207,Jerrold,Ludvigsen,jludvigsen5q@g.co
208,Bo,Vahey,bvahey5r@delicious.com
209,Cullan,Godball,cgodball5s@wordpress.com
210,Wendy,Brickstock,wbrickstock5t@nydailynews.com
211,Zarah,Armatage,zarmatage5u@usgs.gov
212,Gwyneth,Bruck,gbruck5v@ask.com
213,Aloisia,Crowcroft,acrowcroft5w@sun.com
214,Billye,Merriton,bmerriton5x@marriott.com
215,Rhodie,Doerffer,rdoerffer5y@xing.com
216,Will,Meller,wmeller5z@tinypic.com
217,Mattias,Corrigan,mcorrigan60@unesco.org
218,Tamarra,Ledgister,tledgister61@constantcontact.com
219,Annabelle,Geyton,ageyton62@whitehouse.gov
220,Simonne,Barnwall,sbarnwall63@accuweather.com
221,Benni,Baxstare,bbaxstare64@cam.ac.uk
222,Trix,Widger,twidger65@wufoo.com
223,Leena,Paulo,lpaulo66@tumblr.com
224,Anne-marie,Vanderplas,avanderplas67@spiegel.de
225,Staci,Vasyaev,svasyaev68@google.ca
226,Marena,Brislawn,mbrislawn69@nytimes.com
227,Shaughn,Sheen,ssheen6a@pinterest.com
228,Gibb,Imore,gimore6b@time.com
229,Guthrey,Wharby,gwharby6c@census.gov
230,Flore,Verlinden,fverlinden6d@hc360.com
231,Orelee,Zima,ozima6e@unblog.fr
232,Francklin,Fuster,ffuster6f@sfgate.com
233,Lesly,Calendar,lcalendar6g@mit.edu
234,Moore,Bowyer,mbowyer6h@redcross.org
235,Therese,Boshell,tboshell6i@bloomberg.com
236,Nertie,Caudwell,ncaudwell6j@wisc.edu
237,Wes,Watting,wwatting6k@meetup.com
238,Lise,Haith,lhaith6l@businessweek.com
239,Marco,Onn,monn6m@ehow.com
240,Davy,Reams,dreams6n@virginia.edu
241,Ediva,Absolon,eabsolon6o@jigsy.com
242,Cchaddie,Webb,cwebb6p@dot.gov
243,Ardelis,Cecil,acecil6q@blogs.com
244,Jojo,Bickerstasse,jbickerstasse6r@msn.com
245,Kissee,Curror,kcurror6s@cdbaby.com
246,Bobbe,Westby,bwestby6t@weebly.com
247,Dolores,Shord,dshord6u@pinterest.com
248,Vito,Delgua,vdelgua6v@gov.uk
249,Desi,Gheorghie,dgheorghie6w@accuweather.com
250,Tremain,Hellewell,thellewell6x@google.cn
251,Brook,Whyborn,bwhyborn6y@privacy.gov.au
252,Bailey,Whichelow,bwhichelow6z@irs.gov
253,Thayne,Fitton,tfitton70@auda.org.au
254,Cozmo,Santen,csanten71@github.io
255,Diena,Dowrey,ddowrey72@columbia.edu
256,Patin,Pelham,ppelham73@hhs.gov
257,Cynthia,Courtois,ccourtois74@homestead.com
258,Maurise,Whithalgh,mwhithalgh75@auda.org.au
259,Fayette,Leguey,fleguey76@smh.com.au
260,Christye,Middleweek,cmiddleweek77@arizona.edu
261,Sharlene,Goodwell,sgoodwell78@buzzfeed.com
262,Glori,Castle,gcastle79@discovery.com
263,Rhonda,Wakerley,rwakerley7a@clickbank.net
264,Elane,Feltoe,efeltoe7b@oaic.gov.au
265,Nat,Stredwick,nstredwick7c@wunderground.com
266,Aggie,Salvati,asalvati7d@google.de
267,Barrett,Blythe,bblythe7e@so-net.ne.jp
268,Trescha,Featenby,tfeatenby7f@bigcartel.com
269,Willi,Stallion,wstallion7g@free.fr
270,Barton,Farnin,bfarnin7h@stumbleupon.com
271,Janaye,Worge,jworge7i@phoca.cz
272,Charyl,Guidera,cguidera7j@shareasale.com
273,Myrilla,Dimond,mdimond7k@ow.ly
274,Elmo,covino,ecovino7l@eventbrite.com
275,Trixie,Dowbiggin,tdowbiggin7m@answers.com
276,Rayner,Weems,rweems7n@house.gov
277,Sol,Stileman,sstileman7o@rediff.com
278,Sonni,Pherps,spherps7p@ed.gov
279,Kenon,Renard,krenard7q@constantcontact.com
280,Emmye,Josefovic,ejosefovic7r@wsj.com
281,Keefe,Gullane,kgullane7s@adobe.com
282,Isak,Borles,iborles7t@bluehost.com
283,Domenic,Coronado,dcoronado7u@msu.edu
284,Essy,Seydlitz,eseydlitz7v@newsvine.com
285,Paddie,Pinar,ppinar7w@hatena.ne.jp
286,Baillie,Easen,beasen7x@amazon.co.uk
287,Lionello,Harroway,lharroway7y@unc.edu
288,Kelwin,Spedding,kspedding7z@nifty.com
289,Leonora,Bladon,lbladon80@nymag.com
290,Lin,Mullins,lmullins81@foxnews.com
291,Veronika,Bottrell,vbottrell82@newyorker.com
292,Daniela,Ream,dream83@bloomberg.com
293,Felipe,Robardet,frobardet84@pen.io
294,Lothario,Cork,lcork85@purevolume.com
295,Joelynn,Casaro,jcasaro86@marketwatch.com
296,Algernon,Joyce,ajoyce87@salon.com
297,Elaine,Ebbens,eebbens88@newyorker.com
298,Corissa,Tackell,ctackell89@creativecommons.org
299,Gav,Lyal,glyal8a@csmonitor.com
300,Emily,Bulch,ebulch8b@e-recht24.de
301,Ardelia,Hembery,ahembery8c@altervista.org
302,Kennedy,Pattemore,kpattemore8d@wikipedia.org
303,Tildie,Cockhill,tcockhill8e@wikia.com
304,Teresina,Trahear,ttrahear8f@shutterfly.com
305,Rozelle,Raxworthy,rraxworthy8g@java.com
306,Morey,De Cristofalo,mdecristofalo8h@engadget.com
307,Lynett,Floris,lfloris8i@seesaa.net
308,Herold,Eyckelbeck,heyckelbeck8j@rediff.com
309,Gerri,Doldon,gdoldon8k@discuz.net
310,Glynis,Cottis,gcottis8l@barnesandnoble.com
311,Lilias,Inglese,linglese8m@ezinearticles.com
312,Sheilakathryn,Coats,scoats8n@berkeley.edu
313,Evey,Gaywood,egaywood8o@yellowpages.com
314,Staffard,Wicklen,swicklen8p@bloomberg.com
315,Garrick,Englishby,genglishby8q@fda.gov
316,Bart,Maysor,bmaysor8r@cmu.edu
317,Dode,Humbles,dhumbles8s@opera.com
318,Gerda,Eva,geva8t@time.com
319,Nil,Tapley,ntapley8u@comsenz.com
320,Heinrick,Janks,hjanks8v@opera.com
321,Jeannine,Spellesy,jspellesy8w@1und1.de
322,Emlyn,Glassborow,eglassborow8x@whitehouse.gov
323,Darlene,Cathenod,dcathenod8y@123-reg.co.uk
324,Lucas,Clarkin,lclarkin8z@blogspot.com
325,Moll,Saipy,msaipy90@eventbrite.com
326,Leia,Cristoforetti,lcristoforetti91@bing.com
327,Fleming,Deal,fdeal92@microsoft.com
328,Kienan,Egginson,kegginson93@spiegel.de
329,Emmit,Daniello,edaniello94@dedecms.com
330,Quill,Colwill,qcolwill95@bigcartel.com
331,Ninetta,Blasl,nblasl96@economist.com
332,Perry,Langrick,plangrick97@g.co
333,Sib,Seiffert,sseiffert98@microsoft.com
334,Suzy,Thouless,sthouless99@blogspot.com
335,Sascha,Slevin,sslevin9a@vinaora.com
336,Lockwood,Presdee,lpresdee9b@php.net
337,Berke,Pennycord,bpennycord9c@walmart.com
338,Berrie,Kopf,bkopf9d@imgur.com
339,Audrey,Heathcote,aheathcote9e@dropbox.com
340,Trenton,Frankling,tfrankling9f@google.ru
341,Rice,Thal,rthal9g@vk.com
342,Corbett,Bexley,cbexley9h@cocolog-nifty.com
343,Junette,Schutte,jschutte9i@businesswire.com
344,Jackson,Mattiessen,jmattiessen9j@instagram.com
345,Ericka,Glenn,eglenn9k@odnoklassniki.ru
346,Kristoforo,Dahmel,kdahmel9l@theguardian.com
347,Beatriz,Amar,bamar9m@t.co
348,Nevsa,Jewitt,njewitt9n@ovh.net
349,Thomasa,Mingay,tmingay9o@angelfire.com
350,Caterina,Veart,cveart9p@ibm.com
351,Price,L'Homme,plhomme9q@mail.ru
352,Danice,Cammacke,dcammacke9r@theguardian.com
353,Packston,Mariolle,pmariolle9s@qq.com
354,Gusty,Whenham,gwhenham9t@va.gov
355,Hubert,Barrell,hbarrell9u@cpanel.net
356,Hildegaard,Vain,hvain9v@geocities.com
357,Augustine,Blaisdale,ablaisdale9w@dyndns.org
358,Alexandros,Kinvig,akinvig9x@fda.gov
359,Ignaz,Knevit,iknevit9y@miitbeian.gov.cn
360,Bobine,Piegrome,bpiegrome9z@chron.com
361,Danit,Feldberg,dfeldberga0@hao123.com
362,Cazzie,Gomar,cgomara1@phoca.cz
363,Edyth,Skuse,eskusea2@vistaprint.com
364,Lothaire,Rhead,lrheada3@huffingtonpost.com
365,Blisse,Bolzen,bbolzena4@columbia.edu
366,Hedvige,Idiens,hidiensa5@macromedia.com
367,Jorge,Wightman,jwightmana6@xrea.com
368,Roobbie,Wadeling,rwadelinga7@cnet.com
369,Chaim,Peel,cpeela8@smugmug.com
370,Alessandro,Mallia,amalliaa9@telegraph.co.uk
371,Jesus,Petrakov,jpetrakovaa@ask.com
372,Harli,Pettko,hpettkoab@devhub.com
373,Margarita,Woolaghan,mwoolaghanac@freewebs.com
374,Anitra,Jochens,ajochensad@washington.edu
375,Inger,Wallbridge,iwallbridgeae@ebay.co.uk
376,Clerkclaude,Bareford,cbarefordaf@shareasale.com
377,Aigneis,Tzarkov,atzarkovag@dropbox.com
378,Rayna,Twidle,rtwidleah@posterous.com
379,Gerek,Nealon,gnealonai@cnbc.com
380,Beryl,Hemeret,bhemeretaj@unesco.org
381,Aline,Armistead,aarmisteadak@bing.com
382,Lotta,Musicka,lmusickaal@nifty.com
383,Tiertza,Semmens,tsemmensam@technorati.com
384,Roddie,Molyneux,rmolyneuxan@histats.com
385,Cherilyn,Orme,cormeao@guardian.co.uk
386,Leonidas,Speare,lspeareap@oakley.com
387,Harmony,Pratchett,hpratchettaq@howstuffworks.com
388,Philippe,Benedicto,pbenedictoar@engadget.com
389,Claribel,Rodolf,crodolfas@foxnews.com
390,Duky,McAleese,dmcaleeseat@mediafire.com
391,Lani,Corradino,lcorradinoau@aol.com
392,Lesley,Ackeroyd,lackeroydav@dmoz.org
393,Ronny,Grovier,rgrovieraw@photobucket.com
394,Johnnie,Hurst,jhurstax@etsy.com
395,Rowen,Huxham,rhuxhamay@vinaora.com
396,Neel,Mogridge,nmogridgeaz@photobucket.com
397,Mikol,Boshard,mboshardb0@google.co.uk
398,Emera,Goggins,egogginsb1@google.fr
399,Doretta,Jarlmann,djarlmannb2@github.com
400,Danika,Bromidge,dbromidgeb3@senate.gov
401,Calla,Ordish,cordishb4@cam.ac.uk
402,Othella,Emerton,oemertonb5@eventbrite.com
403,Waldo,Stanier,wstanierb6@cisco.com
404,Valry,Pinkstone,vpinkstoneb7@meetup.com
405,Kenn,Picardo,kpicardob8@fastcompany.com
406,Fancy,Kunneke,fkunnekeb9@reuters.com
407,Lyndel,Semkins,lsemkinsba@hugedomains.com
408,Radcliffe,Streader,rstreaderbb@prnewswire.com
409,Case,John,cjohnbc@blogger.com
410,Dane,Stoodley,dstoodleybd@163.com
411,Frederico,Tatton,ftattonbe@issuu.com
412,Grady,Dobbing,gdobbingbf@yahoo.co.jp
413,Mady,Pervoe,mpervoebg@kickstarter.com
414,Hedvige,Duddell,hduddellbh@techcrunch.com
415,Alfy,Sleigh,asleighbi@youtube.com
416,Lem,Stanier,lstanierbj@ameblo.jp
417,Waylan,Renahan,wrenahanbk@who.int
418,Olive,Durrans,odurransbl@reference.com
419,Trace,Gilbride,tgilbridebm@alibaba.com
420,Becki,O'Curran,bocurranbn@amazon.co.uk
421,Mariann,Demeter,mdemeterbo@wix.com
422,Scot,Kimbly,skimblybp@amazon.co.jp
423,Stacie,Jewkes,sjewkesbq@fastcompany.com
424,Lock,Capini,lcapinibr@technorati.com
425,Valentijn,Witherbed,vwitherbedbs@altervista.org
426,Eadie,Gauler,egaulerbt@economist.com
427,Merrilee,Sansun,msansunbu@dedecms.com
428,Addy,Berry,aberrybv@bloglovin.com
429,Taddeusz,Burdell,tburdellbw@imgur.com
430,Mordy,Cosbey,mcosbeybx@discuz.net
431,Hanny,Forst,hforstby@theglobeandmail.com
432,Harli,Grossman,hgrossmanbz@oracle.com
433,Perry,Cannop,pcannopc0@tripadvisor.com
434,Mora,Eyam,meyamc1@ebay.co.uk
435,Jeff,Tripon,jtriponc2@etsy.com
436,Penelopa,Caulcutt,pcaulcuttc3@netvibes.com
437,Margret,Mitie,mmitiec4@multiply.com
438,Trescha,Bouts,tboutsc5@over-blog.com
439,Garland,Boldecke,gboldeckec6@cafepress.com
440,Phillipp,Stogill,pstogillc7@dailymail.co.uk
441,Daryn,Sigg,dsiggc8@nba.com
442,Kay,Scoggins,kscogginsc9@about.com
443,Pattie,Scougall,pscougallca@webs.com
444,Terry,Burling,tburlingcb@prlog.org
445,Keefe,Kemmons,kkemmonscc@howstuffworks.com
446,Gerard,Cicchelli,gcicchellicd@moonfruit.com
447,Uta,Davidek,udavidekce@theguardian.com
448,Jackquelin,Camm,jcammcf@e-recht24.de
449,Raychel,Cargon,rcargoncg@webmd.com
450,Rozina,Andrez,randrezch@imgur.com
451,Denni,Iverson,diversonci@wikispaces.com
452,Sonnnie,Bowcher,sbowchercj@mozilla.com
453,Min,Whatley,mwhatleyck@posterous.com
454,Aridatha,Smalles,asmallescl@eepurl.com
455,Roley,O'Riordan,roriordancm@yelp.com
456,Michal,Winear,mwinearcn@people.com.cn
457,Cristen,Shreeves,cshreevesco@umn.edu
458,Riva,Hoofe,rhoofecp@edublogs.org
459,Loreen,Rouge,lrougecq@taobao.com
460,Lotty,Crowne,lcrownecr@sphinn.com
461,Samaria,Sloper,sslopercs@biblegateway.com
462,Simmonds,Channing,schanningct@weather.com
463,Doro,Claxton,dclaxtoncu@photobucket.com
464,Jethro,Junifer,jjunifercv@whitehouse.gov
465,Nicolea,Giraux,ngirauxcw@yale.edu
466,Giordano,Gerhartz,ggerhartzcx@howstuffworks.com
467,Mattheus,Grouvel,mgrouvelcy@amazon.de
468,Inga,Randlesome,irandlesomecz@answers.com
469,Zorah,Niblo,zniblod0@ezinearticles.com
470,Yule,McKiddin,ymckiddind1@google.ru
471,Nicole,Boribal,nboribald2@oaic.gov.au
472,Lawton,Pesak,lpesakd3@mashable.com
473,Gillan,Matterdace,gmatterdaced4@epa.gov
474,Lenora,Hek,lhekd5@upenn.edu
475,Liv,Janczewski,ljanczewskid6@infoseek.co.jp
476,Marcelle,Brunner,mbrunnerd7@jiathis.com
477,Jyoti,Lindenblatt,jlindenblattd8@cocolog-nifty.com
478,Danya,Bungey,dbungeyd9@xing.com
479,Val,Ruskin,vruskinda@fda.gov
480,Emmalynn,Melody,emelodydb@gov.uk
481,Thorn,Losselyong,tlosselyongdc@ebay.co.uk
482,Emelyne,Dovey,edoveydd@typepad.com
483,Colby,Hibling,chiblingde@google.ca
484,Ilaire,Vasile,ivasiledf@sina.com.cn
485,Candy,Ruddock,cruddockdg@buzzfeed.com
486,Dyna,McFarlan,dmcfarlandh@fastcompany.com
487,Ceil,Morin,cmorindi@linkedin.com
488,Junette,Denniston,jdennistondj@un.org
489,Chelsae,Attrill,cattrilldk@skyrock.com
490,Kippie,Isaaksohn,kisaaksohndl@arstechnica.com
491,Candis,McGurgan,cmcgurgandm@alexa.com
492,Desiree,Bemment,dbemmentdn@ucoz.com
493,Marti,Habben,mhabbendo@macromedia.com
494,Corine,Morrall,cmorralldp@amazonaws.com
495,Buddie,Belhomme,bbelhommedq@discuz.net
496,Imogene,Newberry,inewberrydr@addtoany.com
497,Ertha,Peile,epeileds@newyorker.com
498,Zsa zsa,Casiero,zcasierodt@paypal.com
499,Lorens,Ferrieroi,lferrieroidu@example.com
500,Wittie,Gillhespy,wgillhespydv@youtu.be
501,Carleen,Henrichsen,chenrichsendw@themeforest.net
502,Vanni,Temby,vtembydx@vistaprint.com
503,Shepperd,Batch,sbatchdy@gravatar.com
504,Winn,Batey,wbateydz@go.com
505,Jacki,Hincham,jhinchame0@abc.net.au
506,Deck,Fauguel,dfauguele1@canalblog.com
507,Fawn,McEvon,fmcevone2@jugem.jp
508,Floris,Billion,fbillione3@imdb.com
509,Alicea,Kitney,akitneye4@salon.com
510,Theo,Jollye,tjollyee5@opensource.org
511,Leona,Jaggli,ljagglie6@ow.ly
512,Rochester,Blazej,rblazeje7@netscape.com
513,Gregoor,Waith,gwaithe8@hatena.ne.jp
514,Franzen,Ivanishin,fivanishine9@istockphoto.com
515,Minta,Clowney,mclowneyea@wordpress.com
516,Jarrad,Lindwasser,jlindwassereb@howstuffworks.com
517,Ardella,Margerrison,amargerrisonec@umn.edu
518,Jeniffer,Graves,jgravesed@networksolutions.com
519,Madelon,Neate,mneateee@youtube.com
520,Arni,Skains,askainsef@github.io
521,Isaak,Peacocke,ipeacockeeg@alibaba.com
522,Cherice,Faithfull,cfaithfulleh@npr.org
523,Dennis,Linstead,dlinsteadei@delicious.com
524,Selle,Cullimore,scullimoreej@surveymonkey.com
525,Marcos,Mellows,mmellowsek@ihg.com
526,Tadeo,Uman,tumanel@ca.gov
527,Karalynn,Scolding,kscoldingem@newyorker.com
528,Paulita,Carff,pcarffen@alibaba.com
529,Leshia,Tebbutt,ltebbutteo@privacy.gov.au
530,Corbet,Sturdgess,csturdgessep@senate.gov
531,Barry,Caffrey,bcaffreyeq@cdbaby.com
532,Klarika,Fitchet,kfitcheter@hatena.ne.jp
533,Conrado,Doughty,cdoughtyes@1und1.de
534,Murielle,Franses,mfranseset@google.com
535,Inglis,Rosindill,irosindilleu@oracle.com
536,Gabbie,Gonsalo,ggonsaloev@scientificamerican.com
537,Elysee,Middler,emiddlerew@csmonitor.com
538,Marthena,Ellit,mellitex@bloomberg.com
539,Miriam,Boreham,mborehamey@va.gov
540,Guy,Kirtlan,gkirtlanez@t.co
541,Ilyse,Noar,inoarf0@engadget.com
542,Goldie,De Matteis,gdematteisf1@cbsnews.com
543,Tommy,Rickarsey,trickarseyf2@prnewswire.com
544,Marlene,Rivaland,mrivalandf3@woothemes.com
545,Bernetta,Toffaloni,btoffalonif4@over-blog.com
546,Ambrosius,Miskelly,amiskellyf5@wufoo.com
547,Denyse,Stewart,dstewartf6@yahoo.com
548,Darcy,Keyson,dkeysonf7@nasa.gov
549,Pren,Coombs,pcoombsf8@economist.com
550,Kaitlynn,Vickerstaff,kvickerstafff9@shareasale.com
551,Dalenna,Berkowitz,dberkowitzfa@twitter.com
552,Mufi,Feveryear,mfeveryearfb@europa.eu
553,Jacky,Elsby,jelsbyfc@imgur.com
554,Robert,Trudgeon,rtrudgeonfd@bbc.co.uk
555,Roobbie,Greenhead,rgreenheadfe@qq.com
556,Mirna,St. Clair,mstclairff@angelfire.com
557,Jami,Ashall,jashallfg@ox.ac.uk
558,Bartel,De Cruce,bdecrucefh@goo.ne.jp
559,Buddie,Aicken,baickenfi@bing.com
560,Adam,Tildesley,atildesleyfj@businessweek.com
561,Nicky,Drohan,ndrohanfk@samsung.com
562,Marjory,Record,mrecordfl@typepad.com
563,Rockwell,Manson,rmansonfm@diigo.com
564,Guilbert,Goodbarr,ggoodbarrfn@usa.gov
565,Valencia,Pengelly,vpengellyfo@thetimes.co.uk
566,Garrard,Songest,gsongestfp@typepad.com
567,Bentlee,Scotson,bscotsonfq@stumbleupon.com
568,Cissiee,Conquest,cconquestfr@ifeng.com
569,Catharine,Bloxam,cbloxamfs@intel.com
570,Elwood,Bunworth,ebunworthft@ox.ac.uk
571,Marissa,Elam,melamfu@furl.net
572,Jacenta,Bainbridge,jbainbridgefv@shinystat.com
573,Ferd,Barbey,fbarbeyfw@shinystat.com
574,Brantley,Kemmet,bkemmetfx@admin.ch
575,Calley,Dunkerly,cdunkerlyfy@constantcontact.com
576,Johna,Laurens,jlaurensfz@wordpress.com
577,Krystalle,Ivanov,kivanovg0@webmd.com
578,Bealle,Dunsford,bdunsfordg1@alibaba.com
579,Cybil,Yvens,cyvensg2@mozilla.org
580,Moore,Bonsall,mbonsallg3@shop-pro.jp
581,Tiena,Durram,tdurramg4@feedburner.com
582,Curcio,Bloom,cbloomg5@un.org
583,Bronny,Dutteridge,bdutteridgeg6@csmonitor.com
584,Bobbie,Maycock,bmaycockg7@parallels.com
585,Marcile,Willetts,mwillettsg8@goo.gl
586,Donella,Cockrem,dcockremg9@umich.edu
587,Karena,Stapforth,kstapforthga@squarespace.com
588,Thomasina,Da Costa,tdacostagb@amazon.de
589,Dominik,Semor,dsemorgc@blinklist.com
590,Yolanda,Degan,ydegangd@economist.com
591,Sonny,Rubinsky,srubinskyge@google.com
592,Andrej,Shawl,ashawlgf@bloglovin.com
593,Boyd,Harme,bharmegg@bandcamp.com
594,Freeland,O'Hagan,fohagangh@nationalgeographic.com
595,Minerva,Fargie,mfargiegi@go.com
596,Rowena,Ray,rraygj@senate.gov
597,Theo,Duffit,tduffitgk@youku.com
598,Cosimo,MacElharge,cmacelhargegl@craigslist.org
599,Pamelina,Stanner,pstannergm@nytimes.com
600,Bettye,Lownsbrough,blownsbroughgn@edublogs.org
601,Aryn,Bligh,ablighgo@scientificamerican.com
602,Jobina,O'Mohun,jomohungp@ocn.ne.jp
603,May,Bulloch,mbullochgq@dagondesign.com
604,Kamilah,Verheyden,kverheydengr@reference.com
605,Cordelia,Shirley,cshirleygs@netvibes.com
606,Ilka,Oag,ioaggt@columbia.edu
607,Gardiner,Espin,gespingu@loc.gov
608,Betta,Losselyong,blosselyonggv@dedecms.com
609,Karim,Klempke,kklempkegw@geocities.com
610,Filia,Longshaw,flongshawgx@usgs.gov
611,Maggie,Fiveash,mfiveashgy@nationalgeographic.com
612,David,Sercombe,dsercombegz@istockphoto.com
613,Rowland,Demeza,rdemezah0@youtube.com
614,Dniren,Tyrer,dtyrerh1@cnn.com
615,Umeko,Latey,ulateyh2@themeforest.net
616,Anitra,Heathcoat,aheathcoath3@barnesandnoble.com
617,Gretchen,Ausello,gauselloh4@wisc.edu
618,Gerladina,Beeching,gbeechingh5@unicef.org
619,Melicent,Van T'Hoog,mvanthoogh6@simplemachines.org
620,Pavia,Emes,pemesh7@miitbeian.gov.cn
621,Dagmar,Denington,ddeningtonh8@paginegialle.it
622,Kevina,Clapton,kclaptonh9@skyrock.com
623,Salvatore,Lenton,slentonha@fc2.com
624,Gayla,Odgaard,godgaardhb@spiegel.de
625,Nanete,Jaszczak,njaszczakhc@vkontakte.ru
626,Kimberlee,Kensett,kkensetthd@nsw.gov.au
627,Ginnifer,Buddell,gbuddellhe@4shared.com
628,Carlota,Overlow,coverlowhf@ibm.com
629,Katuscha,McLemon,kmclemonhg@prweb.com
630,Dyane,Morewood,dmorewoodhh@berkeley.edu
631,Milty,Glide,mglidehi@blogtalkradio.com
632,Sally,Cheyney,scheyneyhj@tinypic.com
633,Jacki,Zoanetti,jzoanettihk@sakura.ne.jp
634,Riordan,Bonehill,rbonehillhl@1und1.de
635,Roseanna,Dornin,rdorninhm@xing.com
636,Bartholomew,Beckinsale,bbeckinsalehn@huffingtonpost.com
637,Cyrus,Conelly,cconellyho@eepurl.com
638,Mohammed,Lund,mlundhp@earthlink.net
639,Dyan,Du Fray,ddufrayhq@bigcartel.com
640,Dyna,Corstan,dcorstanhr@hao123.com
641,Mart,Yalden,myaldenhs@cnn.com
642,Harlene,Hawler,hhawlerht@nbcnews.com
643,Shalne,Ricoald,sricoaldhu@yale.edu
644,Reginauld,Sarre,rsarrehv@people.com.cn
645,Berna,Heasman,bheasmanhw@hp.com
646,Shermie,Boundy,sboundyhx@google.com.au
647,Collette,Puller,cpullerhy@shutterfly.com
648,Nickey,Harlin,nharlinhz@mapy.cz
649,Sharity,Macieja,smaciejai0@oaic.gov.au
650,Jacqui,Kettlesting,jkettlestingi1@t.co
651,Eldridge,Jaquiss,ejaquissi2@amazon.de
652,Gretel,Purcer,gpurceri3@virginia.edu
653,Anatollo,Foulds,afouldsi4@nhs.uk
654,Ardelia,Lenney,alenneyi5@loc.gov
655,Chlo,Bridewell,cbridewelli6@whitehouse.gov
656,Dalton,Craisford,dcraisfordi7@miibeian.gov.cn
657,Corabelle,Reddyhoff,creddyhoffi8@sohu.com
658,Marje,Sillis,msillisi9@weibo.com
659,Emilia,Halward,ehalwardia@latimes.com
660,Jacki,McLeary,jmclearyib@google.cn
661,Sandra,Lock,slockic@seattletimes.com
662,Leela,Serrier,lserrierid@odnoklassniki.ru
663,Magda,Stanlick,mstanlickie@ehow.com
664,Trista,Stuart,tstuartif@toplist.cz
665,Ibbie,Fildes,ifildesig@hao123.com
666,Heath,Jenyns,hjenynsih@tinyurl.com
667,Carlina,Ghilardi,cghilardiii@de.vu
668,Ginevra,Di Biagio,gdibiagioij@sourceforge.net
669,Irma,MacMurray,imacmurrayik@bravesites.com
670,Deb,Ecles,declesil@theatlantic.com
671,Kermie,Pellew,kpellewim@usa.gov
672,Charmaine,Conman,cconmanin@google.co.jp
673,Flemming,Place,fplaceio@techcrunch.com
674,Humberto,Gentreau,hgentreauip@desdev.cn
675,Sharline,Johanning,sjohanningiq@usatoday.com
676,Theo,Cottel,tcottelir@t-online.de
677,Hildegaard,Valler,hvalleris@hibu.com
678,Fredia,Piccop,fpiccopit@irs.gov
679,Germain,Cuseck,gcuseckiu@nih.gov
680,Ekaterina,Montrose,emontroseiv@toplist.cz
681,Sheff,Balazin,sbalaziniw@thetimes.co.uk
682,Tyne,Galpin,tgalpinix@sitemeter.com
683,Hieronymus,Byas,hbyasiy@xrea.com
684,Renie,Zorzin,rzorziniz@java.com
685,Euphemia,Lysaght,elysaghtj0@harvard.edu
686,Adela,Billborough,abillboroughj1@accuweather.com
687,Shelton,Schimann,sschimannj2@lycos.com
688,Kaylyn,Brick,kbrickj3@census.gov
689,Archy,Bartholomew,abartholomewj4@howstuffworks.com
690,Mauricio,Ainslie,mainsliej5@yahoo.co.jp
691,Clarke,MacPake,cmacpakej6@cnbc.com
692,Rickard,Walkington,rwalkingtonj7@google.com
693,Pepillo,Kersley,pkersleyj8@woothemes.com
694,Drucy,Maunders,dmaundersj9@fema.gov
695,Benedetto,Janacek,bjanacekja@yelp.com
696,Udale,Petran,upetranjb@cpanel.net
697,Linzy,Mafham,lmafhamjc@parallels.com
698,Jacob,Chalmers,jchalmersjd@china.com.cn
699,Vittorio,Castellucci,vcastelluccije@slate.com
700,Nikki,Stillmann,nstillmannjf@ustream.tv
701,Michell,Straw,mstrawjg@bravesites.com
702,Ernie,Redgrave,eredgravejh@aol.com
703,Brandy,Locket,blocketji@dyndns.org
704,Harmonie,Witherington,hwitheringtonjj@plala.or.jp
705,Ameline,Croome,acroomejk@reddit.com
706,Rozanne,McGahern,rmcgahernjl@whitehouse.gov
707,Stafford,Aitcheson,saitchesonjm@redcross.org
708,Buddy,Berrycloth,bberryclothjn@live.com
709,Eddy,Grigsby,egrigsbyjo@shutterfly.com
710,Timi,Ackers,tackersjp@hubpages.com
711,Laurent,Stickels,lstickelsjq@woothemes.com
712,Sonnie,Jenne,sjennejr@google.com.hk
713,Dewitt,Stonham,dstonhamjs@elpais.com
714,Keary,Chislett,kchislettjt@shareasale.com
715,Sid,Austen,saustenju@yolasite.com
716,Aristotle,Layne,alaynejv@tuttocitta.it
717,Jewell,Minear,jminearjw@homestead.com
718,Conroy,Leader,cleaderjx@tiny.cc
719,Rube,Synder,rsynderjy@altervista.org
720,Jillane,Urridge,jurridgejz@mtv.com
721,Hertha,Phillpotts,hphillpottsk0@patch.com
722,Ava,Lawrenceson,alawrencesonk1@va.gov
723,Elwood,Lorryman,elorrymank2@webs.com
724,Giusto,Mallebone,gmallebonek3@columbia.edu
725,Gunilla,Piegrome,gpiegromek4@princeton.edu
726,Cordi,Carme,ccarmek5@hexun.com
727,Davita,Rudd,druddk6@tripod.com
728,Yoshiko,Andrichak,yandrichakk7@goo.gl
729,Peri,Doughill,pdoughillk8@adobe.com
730,Penni,Bodker,pbodkerk9@parallels.com
731,Tobe,Mallebone,tmalleboneka@intel.com
732,Morgun,Pheazey,mpheazeykb@google.co.jp
733,Suzi,Canet,scanetkc@soup.io
734,Antonino,Jorczyk,ajorczykkd@ucoz.ru
735,Kally,Tarver,ktarverke@cnet.com
736,Brit,Spurman,bspurmankf@vistaprint.com
737,Boycey,O'Cahey,bocaheykg@nih.gov
738,Everett,D'Angeli,edangelikh@shareasale.com
739,Kayley,Fakeley,kfakeleyki@nature.com
740,Clarinda,Hemshall,chemshallkj@google.pl
741,Philly,Baudasso,pbaudassokk@reverbnation.com
742,Salomone,Boundy,sboundykl@mozilla.com
743,Mickie,Saphir,msaphirkm@cisco.com
744,Cosette,Davidovich,cdavidovichkn@storify.com
745,Othilia,Fordham,ofordhamko@surveymonkey.com
746,Lilias,Spadelli,lspadellikp@geocities.jp
747,Roshelle,Portinari,rportinarikq@howstuffworks.com
748,Ofelia,Gavini,ogavinikr@shareasale.com
749,Frieda,Grzelewski,fgrzelewskiks@facebook.com
750,Chicky,Pimme,cpimmekt@posterous.com
751,Dunc,Biaggioli,dbiaggioliku@accuweather.com
752,Giovanna,Ramalho,gramalhokv@linkedin.com
753,Rorke,Liffey,rliffeykw@sun.com
754,Des,Ruilton,druiltonkx@nsw.gov.au
755,Karee,McGreary,kmcgrearyky@fema.gov
756,Calida,Monteaux,cmonteauxkz@quantcast.com
757,Ivan,Dyhouse,idyhousel0@uiuc.edu
758,Dallis,MacNalley,dmacnalleyl1@blogspot.com
759,Olympia,Hinkley,ohinkleyl2@statcounter.com
760,Nevile,Adderley,nadderleyl3@yale.edu
761,Anna,Symms,asymmsl4@blogger.com
762,Brent,Baccus,bbaccusl5@mail.ru
763,Lyle,Sangwine,lsangwinel6@liveinternet.ru
764,Sharl,Vasilov,svasilovl7@cisco.com
765,Fawne,Bazek,fbazekl8@cafepress.com
766,Gordan,Stranaghan,gstranaghanl9@latimes.com
767,Bianca,Skillanders,bskillandersla@uiuc.edu
768,Rafi,Stanaway,rstanawaylb@netvibes.com
769,Carleton,Marrable,cmarrablelc@blog.com
770,Kaitlynn,Theakston,ktheakstonld@cocolog-nifty.com
771,Sharlene,Kedge,skedgele@scribd.com
772,Karlee,Toffanini,ktoffaninilf@livejournal.com
773,Rickie,Knoble,rknoblelg@ifeng.com
774,Koral,Yeardsley,kyeardsleylh@state.tx.us
775,Kristopher,Guilbert,kguilbertli@eepurl.com
776,Mathew,Teulier,mteulierlj@canalblog.com
777,Bert,Zoppo,bzoppolk@mapquest.com
778,Bernadette,Earp,bearpll@google.ca
779,Dennie,De Ruggiero,dderuggierolm@geocities.jp
780,Myrwyn,Yurkov,myurkovln@craigslist.org
781,Gonzalo,Baldery,gbalderylo@ft.com
782,Jorrie,Pidgeley,jpidgeleylp@columbia.edu
783,Willdon,Rottcher,wrottcherlq@webmd.com
784,Clayborne,Turnock,cturnocklr@ustream.tv
785,Earlie,Rabbitts,erabbittsls@imgur.com
786,Silvano,Joreau,sjoreault@woothemes.com
787,Sybila,Aikman,saikmanlu@omniture.com
788,Carena,Constantinou,cconstantinoulv@photobucket.com
789,Alley,Castlake,acastlakelw@sciencedaily.com
790,Alvis,Durdle,adurdlelx@mayoclinic.com
791,Elinor,Swate,eswately@merriam-webster.com
792,Tiff,Caroli,tcarolilz@cocolog-nifty.com
793,Ara,Matz,amatzm0@patch.com
794,Chrisse,Langman,clangmanm1@networkadvertising.org
795,Meredith,Chmiel,mchmielm2@dot.gov
796,Udale,Newson,unewsonm3@nifty.com
797,Concordia,Bertie,cbertiem4@nps.gov
798,Lindsy,Shaddick,lshaddickm5@moonfruit.com
799,Inna,Garrison,igarrisonm6@yellowbook.com
800,Oralla,Huniwall,ohuniwallm7@stanford.edu
801,Maria,Speer,mspeerm8@edublogs.org
802,Otha,Symcoxe,osymcoxem9@studiopress.com
803,Ikey,Kirgan,ikirganma@engadget.com
804,Winnah,Kort,wkortmb@geocities.com
805,Mitzi,Tomasik,mtomasikmc@ted.com
806,Aldis,Butter,abuttermd@theatlantic.com
807,Ezra,Pentycost,epentycostme@behance.net
808,Elise,Bathowe,ebathowemf@dmoz.org
809,Israel,Bartul,ibartulmg@creativecommons.org
810,Byron,Doubrava,bdoubravamh@bluehost.com
811,Benoite,Vaughan-Hughes,bvaughanhughesmi@hp.com
812,Edith,Maciejewski,emaciejewskimj@home.pl
813,Trina,MacGrath,tmacgrathmk@unesco.org
814,Swen,Rodrigues,srodriguesml@oracle.com
815,Jack,Scriver,jscrivermm@furl.net
816,Jaymee,McIlory,jmcilorymn@yellowbook.com
817,Lutero,Jeffes,ljeffesmo@networkadvertising.org
818,Lib,McClintock,lmcclintockmp@geocities.com
819,Kerr,Marshfield,kmarshfieldmq@prlog.org
820,Georg,Idill,gidillmr@booking.com
821,Thornton,Jizhaki,tjizhakims@dell.com
822,Cyrill,Pierrepont,cpierrepontmt@microsoft.com
823,Roslyn,Kalderon,rkalderonmu@booking.com
824,Darius,Coventry,dcoventrymv@cargocollective.com
825,Reeva,Skamal,rskamalmw@hp.com
826,Timoteo,McCooke,tmccookemx@wisc.edu
827,Maryellen,Youhill,myouhillmy@theatlantic.com
828,Any,Whyborn,awhybornmz@cbc.ca
829,Fabien,Wybrew,fwybrewn0@theglobeandmail.com
830,Larine,Courteney,lcourteneyn1@bloomberg.com
831,Papageno,MacNockater,pmacnockatern2@microsoft.com
832,Hatti,Hay,hhayn3@google.es
833,Brewster,MacKintosh,bmackintoshn4@over-blog.com
834,Kenneth,Halbord,khalbordn5@163.com
835,Korella,Assante,kassanten6@about.com
836,Nicolai,Fouracre,nfouracren7@house.gov
837,Chris,Kuhne,ckuhnen8@facebook.com
838,Jeddy,Francillo,jfrancillon9@telegraph.co.uk
839,Marguerite,Vaillant,mvaillantna@walmart.com
840,Ave,Garces,agarcesnb@upenn.edu
841,Perren,Milan,pmilannc@g.co
842,Carolin,Conws,cconwsnd@cafepress.com
843,Georgina,Graal,ggraalne@vinaora.com
844,Gerta,Marjoram,gmarjoramnf@google.ru
845,Cissy,Maciocia,cmaciociang@jalbum.net
846,Greer,Brickstock,gbrickstocknh@addtoany.com
847,Israel,Ofen,iofenni@goodreads.com
848,Fallon,Sango,fsangonj@woothemes.com
849,Dorise,Grafton,dgraftonnk@reuters.com
850,Stacia,Gile,sgilenl@shutterfly.com
851,Standford,Paramore,sparamorenm@ucoz.ru
852,Darill,Cristofolini,dcristofolininn@state.gov
853,Rosco,Jannasch,rjannaschno@ted.com
854,Griffith,Hardison,ghardisonnp@utexas.edu
855,Jeremias,Dormer,jdormernq@europa.eu
856,Des,Hertwell,dhertwellnr@indiatimes.com
857,Bordie,Sighard,bsighardns@europa.eu
858,Marchall,Farlam,mfarlamnt@phoca.cz
859,Roosevelt,Keyhoe,rkeyhoenu@forbes.com
860,Myrna,Montes,mmontesnv@oakley.com
861,Winnifred,Dalgliesh,wdalglieshnw@trellian.com
862,Fleming,Fidell,ffidellnx@com.com
863,Lucia,Tassel,ltasselny@dailymail.co.uk
864,Devonna,Yukhnev,dyukhnevnz@microsoft.com
865,Julius,Davy,jdavyo0@jiathis.com
866,Briant,Bear,bbearo1@wisc.edu
867,Delphinia,Wharlton,dwharltono2@ezinearticles.com
868,Doria,Yewdall,dyewdallo3@techcrunch.com
869,Denys,Margett,dmargetto4@census.gov
870,Neal,Aiston,naistono5@google.com.hk
871,Amabelle,Baudts,abaudtso6@studiopress.com
872,Agnes,Estrella,aestrellao7@hao123.com
873,Irvine,Dobey,idobeyo8@smh.com.au
874,Elbert,Kirkbride,ekirkbrideo9@51.la
875,Nathalia,Beden,nbedenoa@reuters.com
876,Richart,Rowes,rrowesob@squarespace.com
877,Shelley,Terney,sterneyoc@ameblo.jp
878,Pammy,Faustin,pfaustinod@upenn.edu
879,Xena,Kerridge,xkerridgeoe@webeden.co.uk
880,Mae,Hamlyn,mhamlynof@printfriendly.com
881,Gibb,Stoyle,gstoyleog@booking.com
882,Read,Knotton,rknottonoh@slashdot.org
883,Genevra,Zannelli,gzannellioi@npr.org
884,Korella,Connachan,kconnachanoj@marriott.com
885,Bentlee,Claussen,bclaussenok@issuu.com
886,Hadley,Bodycote,hbodycoteol@vinaora.com
887,Emmalynne,Garrard,egarrardom@thetimes.co.uk
888,Corella,Heikkinen,cheikkinenon@cyberchimps.com
889,Blythe,Pilmoor,bpilmooroo@buzzfeed.com
890,Micky,Graveson,mgravesonop@tiny.cc
891,Bastian,Pigrome,bpigromeoq@slashdot.org
892,Northrop,Huddart,nhuddartor@plala.or.jp
893,Laurence,Alexsandrovich,lalexsandrovichos@bigcartel.com
894,Amberly,Raggitt,araggittot@studiopress.com
895,Theodore,Epple,teppleou@springer.com
896,Stevie,Sisneros,ssisnerosov@jalbum.net
897,Gavrielle,Bruyett,gbruyettow@exblog.jp
898,Orel,Belle,obelleox@google.de
899,Ringo,Seakin,rseakinoy@bloomberg.com
900,Phebe,Leicester,pleicesteroz@theguardian.com
901,Lloyd,Cardenoso,lcardenosop0@ovh.net
902,Elora,Shropshire,eshropshirep1@ft.com
903,Otes,Roggeman,oroggemanp2@craigslist.org
904,Catlee,Bern,cbernp3@nationalgeographic.com
905,Lezley,Boyack,lboyackp4@myspace.com
906,Vinita,Dahlgren,vdahlgrenp5@ycombinator.com
907,Ruperta,Sargent,rsargentp6@wikispaces.com
908,Sasha,Franceschi,sfranceschip7@kickstarter.com
909,Terri-jo,Gidney,tgidneyp8@cpanel.net
910,Decca,Davidovici,ddavidovicip9@rambler.ru
911,Edeline,Back,ebackpa@jiathis.com
912,Lynsey,Covell,lcovellpb@ca.gov
913,Ingemar,McJarrow,imcjarrowpc@cargocollective.com
914,Jeramie,Claque,jclaquepd@parallels.com
915,Gerald,Popham,gpophampe@chron.com
916,Ram,Gallehawk,rgallehawkpf@engadget.com
917,Ev,Bindley,ebindleypg@dailymail.co.uk
918,Dee,Augustin,daugustinph@google.co.uk
919,Hanni,Dimitrie,hdimitriepi@cdbaby.com
920,Marlin,Featley,mfeatleypj@addthis.com
921,Clari,Thams,cthamspk@oakley.com
922,Tatum,Munroe,tmunroepl@cam.ac.uk
923,Rory,Kirkpatrick,rkirkpatrickpm@salon.com
924,Mona,Clawsley,mclawsleypn@amazon.de
925,Bradley,Drury,bdrurypo@accuweather.com
926,Terry,Christiensen,tchristiensenpp@zdnet.com
927,Aland,Seaman,aseamanpq@guardian.co.uk
928,Etan,Greenall,egreenallpr@jigsy.com
929,Clyve,Beat,cbeatps@ovh.net
930,Lynna,Briton,lbritonpt@51.la
931,Nicolle,Heinz,nheinzpu@addthis.com
932,Meade,Stanett,mstanettpv@illinois.edu
933,Shana,Lucia,sluciapw@exblog.jp
934,Lyndel,Ledgerton,lledgertonpx@npr.org
935,Amandi,Woodall,awoodallpy@paginegialle.it
936,Penn,Haining,phainingpz@thetimes.co.uk
937,Agnes,Threadgold,athreadgoldq0@so-net.ne.jp
938,Hasheem,Bernardin,hbernardinq1@va.gov
939,Elfrida,O'Neary,eonearyq2@ycombinator.com
940,Rory,Chetham,rchethamq3@icq.com
941,Zahara,Jefferson,zjeffersonq4@jiathis.com
942,Imogen,Fockes,ifockesq5@washington.edu
943,Roanne,Belchamber,rbelchamberq6@chron.com
944,Alika,Chattoe,achattoeq7@oakley.com
945,Helga,Bahls,hbahlsq8@chronoengine.com
946,Davida,Quare,dquareq9@google.com.au
947,Henrietta,Ranyell,hranyellqa@merriam-webster.com
948,Lisbeth,MacAloren,lmacalorenqb@dion.ne.jp
949,Sherwood,Liddon,sliddonqc@cbc.ca
950,Pavia,Iacomelli,piacomelliqd@geocities.jp
951,Yoko,Reitenbach,yreitenbachqe@wufoo.com
952,Quentin,Pantling,qpantlingqf@discovery.com
953,Mariellen,Paynes,mpaynesqg@devhub.com
954,Gabbey,Netting,gnettingqh@independent.co.uk
955,Jdavie,Habden,jhabdenqi@about.me
956,Tobey,Ayrs,tayrsqj@sogou.com
957,Elsworth,Redgrave,eredgraveqk@scribd.com
958,Euphemia,Moralee,emoraleeql@woothemes.com
959,Emmalynn,Ingerman,eingermanqm@usda.gov
960,Flem,Rawsthorn,frawsthornqn@microsoft.com
961,Gwennie,Shickle,gshickleqo@usda.gov
962,Clarissa,Babbidge,cbabbidgeqp@feedburner.com
963,Christian,Purbrick,cpurbrickqq@shinystat.com
964,Rafferty,Vasilischev,rvasilischevqr@cnet.com
965,Darcey,Woodyer,dwoodyerqs@soup.io
966,Dana,Olivie,dolivieqt@google.es
967,Barbette,Vahl,bvahlqu@g.co
968,Nonie,Suddards,nsuddardsqv@omniture.com
969,Devan,Philott,dphilottqw@netlog.com
970,Luciano,Stockhill,lstockhillqx@histats.com
971,Herschel,Floodgate,hfloodgateqy@hibu.com
972,Kimberly,Prene,kpreneqz@npr.org
973,Biddy,Dickey,bdickeyr0@wunderground.com
974,Allegra,Toon,atoonr1@edublogs.org
975,Brigitta,Fraczek,bfraczekr2@cdc.gov
976,Kahlil,Elton,keltonr3@weibo.com
977,Kikelia,Jacqueminet,kjacqueminetr4@europa.eu
978,Gianni,Harnetty,gharnettyr5@tripod.com
979,Hoebart,Soars,hsoarsr6@bigcartel.com
980,Felisha,Covey,fcoveyr7@phpbb.com
981,Cammi,Labin,clabinr8@jigsy.com
982,Deeann,Bayles,dbaylesr9@umich.edu
983,Marylin,Hannan,mhannanra@businessinsider.com
984,Shell,Simonett,ssimonettrb@printfriendly.com
985,Annmaria,Danielsky,adanielskyrc@clickbank.net
986,Efrem,Janata,ejanatard@free.fr
987,Vincents,Lethbury,vlethburyre@networkadvertising.org
988,Cara,Cotman,ccotmanrf@google.pl
989,Jim,Emanueli,jemanuelirg@umich.edu
990,Heinrick,Vedekhin,hvedekhinrh@time.com
991,Giralda,Mallabund,gmallabundri@pen.io
992,Bertha,Dulany,bdulanyrj@jimdo.com
993,Kaela,Shute,kshuterk@fda.gov
994,Reagan,Toffoletto,rtoffolettorl@vinaora.com
995,Ilysa,Hayhow,ihayhowrm@samsung.com
996,Sula,MacDunleavy,smacdunleavyrn@plala.or.jp
997,Renado,McCurtain,rmccurtainro@netlog.com
998,Thurstan,Ricco,triccorp@technorati.com
999,Hartley,Sharkey,hsharkeyrq@yelp.com
1000,Cornell,Icom,cicomrr@imgur.com
